step,reg_loss,method
0,314215.625,ps
1,1540.064697265625,ps
2,1336.2867431640625,ps
3,1104.6361083984375,ps
4,862.3068237304688,ps
5,806.4755859375,ps
6,1458.0830078125,ps
7,1250.6917724609375,ps
8,1314.1484375,ps
9,1410.0513916015625,ps
10,1571.037353515625,ps
11,1730.7257080078125,ps
12,1355.317626953125,ps
13,2141.980712890625,ps
14,2021.109619140625,ps
15,2323.7822265625,ps
16,2122.247802734375,ps
17,2323.88330078125,ps
18,2321.42578125,ps
19,2257.144287109375,ps
20,2351.488037109375,ps
21,3406.5615234375,ps
22,3384.705322265625,ps
23,3122.41015625,ps
24,3941.905517578125,ps
25,3860.563232421875,ps
26,2848.49365234375,ps
27,3356.260498046875,ps
28,2656.616455078125,ps
29,2892.164794921875,ps
30,3588.869384765625,ps
31,2935.025634765625,ps
32,2966.176025390625,ps
33,3973.980224609375,ps
34,3803.75634765625,ps
35,3834.12060546875,ps
36,3234.27490234375,ps
37,3703.90234375,ps
38,4222.46533203125,ps
39,3728.72705078125,ps
41,3270.998291015625,ps
42,4055.45263671875,ps
43,3948.962646484375,ps
44,4197.1572265625,ps
45,4354.9375,ps
46,4788.041015625,ps
47,4153.095703125,ps
48,4279.15283203125,ps
49,4285.51611328125,ps
50,4491.6982421875,ps
51,4281.07958984375,ps
52,4272.0380859375,ps
53,4123.7138671875,ps
54,4613.86376953125,ps
55,4376.5537109375,ps
56,4287.9990234375,ps
57,3912.849609375,ps
58,4335.77392578125,ps
59,5493.18896484375,ps
60,4353.2158203125,ps
61,4090.17236328125,ps
62,4682.84228515625,ps
63,4927.42578125,ps
64,4508.50048828125,ps
65,4559.6015625,ps
66,5477.89794921875,ps
67,4979.66357421875,ps
68,5159.4287109375,ps
69,4627.6953125,ps
70,5301.44970703125,ps
71,5067.97021484375,ps
72,4502.923828125,ps
73,4498.71142578125,ps
74,5357.8193359375,ps
75,5158.791015625,ps
76,5004.78076171875,ps
77,4523.31298828125,ps
78,4455.43212890625,ps
79,4445.43408203125,ps
80,5386.40771484375,ps
82,5392.12744140625,ps
83,6290.13671875,ps
84,5171.2578125,ps
85,4960.54296875,ps
86,5557.8125,ps
87,5125.80029296875,ps
88,4579.79345703125,ps
89,5316.8818359375,ps
90,5900.69140625,ps
91,4871.7265625,ps
92,5114.01220703125,ps
93,5750.63720703125,ps
94,5015.046875,ps
95,5516.2158203125,ps
96,5934.26953125,ps
97,5927.11328125,ps
98,6422.02734375,ps
99,5944.1748046875,ps
100,6048.91259765625,ps
101,5716.55810546875,ps
102,5682.6171875,ps
103,5861.5009765625,ps
104,5271.20703125,ps
105,5290.90087890625,ps
106,6008.5341796875,ps
107,5695.50634765625,ps
108,5618.3193359375,ps
109,6322.59326171875,ps
110,5526.779296875,ps
111,5534.0869140625,ps
112,6284.63330078125,ps
113,5543.71240234375,ps
114,6115.099609375,ps
115,6988.8974609375,ps
116,5772.2802734375,ps
117,6533.26025390625,ps
118,5658.40478515625,ps
119,6388.5634765625,ps
120,6369.693359375,ps
121,5879.490234375,ps
123,5799.64453125,ps
124,6891.7490234375,ps
125,6661.705078125,ps
126,6193.88916015625,ps
127,5716.43017578125,ps
128,7126.13818359375,ps
129,5783.9853515625,ps
130,6883.5556640625,ps
131,5564.17724609375,ps
132,4629.1328125,ps
133,6460.4296875,ps
134,5459.8427734375,ps
135,6183.65478515625,ps
136,7152.236328125,ps
137,6118.90185546875,ps
138,6040.3212890625,ps
139,6437.4228515625,ps
140,7083.42578125,ps
141,7105.138671875,ps
142,6179.29150390625,ps
143,5234.111328125,ps
144,6678.72119140625,ps
145,5387.96826171875,ps
146,6042.373046875,ps
147,6022.4345703125,ps
148,5458.65576171875,ps
149,5860.48974609375,ps
150,5776.13232421875,ps
151,6175.2333984375,ps
152,6557.07666015625,ps
153,6451.58740234375,ps
154,6948.87841796875,ps
155,5984.6513671875,ps
156,6146.66259765625,ps
157,8195.978515625,ps
158,6611.005859375,ps
159,5652.439453125,ps
160,5552.8720703125,ps
161,7046.314453125,ps
162,7030.01318359375,ps
164,6522.88330078125,ps
165,6572.009765625,ps
166,6866.44287109375,ps
167,6040.1435546875,ps
168,5525.17333984375,ps
169,7250.46435546875,ps
170,7039.07080078125,ps
171,6526.10205078125,ps
172,6160.54296875,ps
173,6843.2392578125,ps
174,7667.87255859375,ps
175,6689.29736328125,ps
176,5893.3466796875,ps
177,6410.5146484375,ps
178,6961.572265625,ps
179,7352.3994140625,ps
180,5232.36376953125,ps
181,8129.240234375,ps
182,6422.9951171875,ps
183,6105.84130859375,ps
184,6139.412109375,ps
185,7000.78125,ps
186,6897.443359375,ps
187,8019.66943359375,ps
188,6670.1611328125,ps
189,6962.1318359375,ps
190,6767.06396484375,ps
191,6559.1181640625,ps
192,5804.4814453125,ps
193,6689.5888671875,ps
194,7762.49169921875,ps
195,6983.263671875,ps
196,7366.5859375,ps
197,6784.24853515625,ps
198,6670.1240234375,ps
199,6746.341796875,ps
200,6267.126953125,ps
201,6985.994140625,ps
202,6929.46875,ps
203,6422.2490234375,ps
205,6335.111328125,ps
206,8419.8984375,ps
207,7565.4306640625,ps
208,6792.94921875,ps
209,6530.70361328125,ps
210,7927.59716796875,ps
211,7049.2841796875,ps
212,6587.1474609375,ps
213,7820.8095703125,ps
214,7665.6240234375,ps
215,7335.6396484375,ps
216,7051.8681640625,ps
217,7541.3857421875,ps
218,6566.140625,ps
219,7363.767578125,ps
220,6783.0263671875,ps
221,7808.69140625,ps
222,7173.130859375,ps
223,7369.55615234375,ps
224,7524.7080078125,ps
225,7294.80322265625,ps
226,8455.0517578125,ps
227,7370.34521484375,ps
228,5803.39013671875,ps
229,6268.34228515625,ps
230,7284.03759765625,ps
231,8295.7001953125,ps
232,7465.64599609375,ps
233,7557.13818359375,ps
234,7788.962890625,ps
235,6465.8935546875,ps
236,5923.82421875,ps
237,8337.1044921875,ps
238,8426.0673828125,ps
239,9018.35546875,ps
240,6617.82275390625,ps
241,7757.81689453125,ps
242,9279.1083984375,ps
243,7523.78271484375,ps
244,7691.7451171875,ps
246,8351.51953125,ps
247,7799.2578125,ps
248,7516.275390625,ps
249,8506.263671875,ps
250,7904.03564453125,ps
251,7211.66943359375,ps
252,8492.9423828125,ps
253,7575.744140625,ps
254,7369.265625,ps
255,8254.5556640625,ps
256,6317.14208984375,ps
257,7834.1015625,ps
258,7427.74853515625,ps
259,8383.16015625,ps
260,7728.93212890625,ps
261,8673.3603515625,ps
262,7188.73681640625,ps
263,8075.73388671875,ps
264,8790.1171875,ps
265,8846.900390625,ps
266,6693.55810546875,ps
267,9071.0244140625,ps
268,9268.09375,ps
269,9166.9814453125,ps
270,7575.56787109375,ps
271,8586.29296875,ps
272,9224.0185546875,ps
273,7954.39208984375,ps
274,8794.9755859375,ps
275,7813.54833984375,ps
276,8769.6484375,ps
277,8247.5966796875,ps
278,7556.10693359375,ps
279,8601.9130859375,ps
280,8532.916015625,ps
281,8996.83984375,ps
282,9218.154296875,ps
283,8857.9990234375,ps
284,7360.361328125,ps
285,7655.63671875,ps
287,9158.275390625,ps
288,7647.814453125,ps
289,7502.30859375,ps
290,9386.0146484375,ps
291,8687.2392578125,ps
292,7802.36962890625,ps
293,9215.8291015625,ps
294,10197.162109375,ps
295,8045.74755859375,ps
296,8772.4404296875,ps
297,9126.1650390625,ps
298,8412.9130859375,ps
299,7557.62646484375,ps
300,8341.486328125,ps
301,7859.81884765625,ps
302,9938.353515625,ps
303,7624.73828125,ps
304,7737.1064453125,ps
305,8960.6181640625,ps
306,8166.9609375,ps
307,8039.99267578125,ps
308,9545.482421875,ps
309,9808.5703125,ps
310,8732.3447265625,ps
311,7884.5986328125,ps
312,8606.3642578125,ps
313,9786.888671875,ps
314,8675.43359375,ps
315,8463.00390625,ps
316,10291.328125,ps
317,9858.2216796875,ps
318,9897.1875,ps
319,8413.1669921875,ps
320,9714.2509765625,ps
321,10831.4619140625,ps
322,8943.2802734375,ps
323,9610.3681640625,ps
324,11191.21484375,ps
325,9832.455078125,ps
326,9124.462890625,ps
328,9688.9033203125,ps
329,10256.154296875,ps
330,11385.9853515625,ps
331,9686.705078125,ps
332,9753.076171875,ps
333,10393.8701171875,ps
334,10576.8408203125,ps
335,9152.490234375,ps
336,9440.888671875,ps
337,8561.109375,ps
338,11905.5634765625,ps
339,11412.83984375,ps
340,10557.5419921875,ps
341,9620.6123046875,ps
342,10720.416015625,ps
343,9954.244140625,ps
344,10036.2275390625,ps
345,10901.4248046875,ps
346,10224.787109375,ps
347,10110.0888671875,ps
348,9340.8798828125,ps
349,10266.681640625,ps
350,11437.86328125,ps
351,11310.787109375,ps
352,10179.5771484375,ps
353,9552.1220703125,ps
354,10441.9970703125,ps
355,10099.484375,ps
356,11014.5390625,ps
357,13228.779296875,ps
358,8557.4658203125,ps
359,11681.1123046875,ps
360,10919.4658203125,ps
361,11268.494140625,ps
362,10477.2958984375,ps
363,10606.830078125,ps
364,10574.9638671875,ps
365,11782.2470703125,ps
366,9418.1796875,ps
367,11326.5263671875,ps
369,9734.4736328125,ps
370,10935.3896484375,ps
371,11608.4580078125,ps
372,11390.7744140625,ps
373,10670.53125,ps
374,11080.02734375,ps
375,12057.8271484375,ps
376,10751.2294921875,ps
377,10694.3369140625,ps
378,11571.27734375,ps
379,11184.1806640625,ps
380,13005.990234375,ps
381,12260.251953125,ps
382,11232.2822265625,ps
383,10956.7294921875,ps
384,11328.8193359375,ps
385,11300.0791015625,ps
386,11936.3388671875,ps
387,11023.576171875,ps
388,14103.5751953125,ps
389,11518.9306640625,ps
390,12515.658203125,ps
391,13088.8212890625,ps
392,11176.240234375,ps
393,12609.501953125,ps
394,11048.6416015625,ps
395,10831.68359375,ps
396,11054.2880859375,ps
397,10974.169921875,ps
398,13868.0390625,ps
399,13691.1103515625,ps
400,12978.9462890625,ps
401,12018.7421875,ps
402,14778.962890625,ps
403,14176.9169921875,ps
404,11345.1533203125,ps
405,11325.1875,ps
406,14498.451171875,ps
407,11322.66015625,ps
408,11837.7998046875,ps
410,11353.65234375,ps
411,12538.244140625,ps
412,14778.9599609375,ps
413,12472.83984375,ps
414,11620.4951171875,ps
415,13477.3798828125,ps
416,13312.5322265625,ps
417,13858.279296875,ps
418,13994.15234375,ps
419,15217.7333984375,ps
420,14120.80859375,ps
421,14001.5810546875,ps
422,11935.5390625,ps
423,14309.689453125,ps
424,14089.9541015625,ps
425,13199.8388671875,ps
426,13334.3046875,ps
427,13490.763671875,ps
428,14922.8935546875,ps
429,13392.9033203125,ps
430,14571.96484375,ps
431,15126.28515625,ps
432,13847.1474609375,ps
433,12196.087890625,ps
434,15210.3701171875,ps
435,15184.89453125,ps
436,15273.091796875,ps
437,16068.4580078125,ps
438,11437.9765625,ps
439,17821.65234375,ps
440,14574.75,ps
441,15930.7822265625,ps
442,14045.015625,ps
443,16989.279296875,ps
444,17943.177734375,ps
445,16290.1083984375,ps
446,15944.4052734375,ps
447,16155.75,ps
448,14613.892578125,ps
449,15700.7861328125,ps
451,18677.978515625,ps
452,14899.0068359375,ps
453,16793.55859375,ps
454,15561.9033203125,ps
455,16259.052734375,ps
456,15577.53515625,ps
457,18380.916015625,ps
458,14330.333984375,ps
459,15734.90625,ps
460,16786.873046875,ps
461,18802.1640625,ps
462,19807.07421875,ps
463,17555.283203125,ps
464,16356.19140625,ps
465,17635.380859375,ps
466,19532.42578125,ps
467,15693.1796875,ps
468,15711.59375,ps
469,16621.9375,ps
470,16361.2724609375,ps
471,17258.505859375,ps
472,19774.7890625,ps
473,17182.7890625,ps
474,16369.6845703125,ps
475,17594.04296875,ps
476,18421.685546875,ps
477,18991.853515625,ps
478,17811.296875,ps
479,19852.587890625,ps
480,18966.3671875,ps
481,19301.4921875,ps
482,20570.400390625,ps
483,17566.373046875,ps
484,17096.404296875,ps
485,16890.349609375,ps
486,20864.203125,ps
487,19320.896484375,ps
488,19421.330078125,ps
489,21423.666015625,ps
490,18332.09375,ps
492,18599.84375,ps
493,18318.35546875,ps
494,21019.5234375,ps
495,17859.119140625,ps
496,18228.00390625,ps
497,20328.673828125,ps
498,20702.521484375,ps
499,20971.228515625,ps
500,18448.318359375,ps
501,19382.265625,ps
502,22624.07421875,ps
503,19314.341796875,ps
504,21478.6875,ps
505,22653.365234375,ps
506,20537.0859375,ps
507,23813.234375,ps
508,22627.158203125,ps
509,22940.609375,ps
510,23000.99609375,ps
511,18663.4921875,ps
512,22763.95703125,ps
513,24363.76953125,ps
514,24521.259765625,ps
515,20969.583984375,ps
516,21719.892578125,ps
517,22742.302734375,ps
518,21862.279296875,ps
519,22817.2890625,ps
520,23366.169921875,ps
521,21757.7890625,ps
522,21931.05859375,ps
523,25064.482421875,ps
524,20245.931640625,ps
525,24919.552734375,ps
526,25767.185546875,ps
527,24037.166015625,ps
528,22406.666015625,ps
529,22487.318359375,ps
530,24745.439453125,ps
531,23458.62890625,ps
533,25086.69140625,ps
534,26467.0,ps
535,24326.06640625,ps
536,29533.458984375,ps
537,22965.95703125,ps
538,31168.19140625,ps
539,25002.458984375,ps
540,22691.2265625,ps
541,24795.486328125,ps
542,23467.3515625,ps
543,25470.779296875,ps
544,25415.7578125,ps
545,27198.56640625,ps
546,27648.55859375,ps
547,27082.046875,ps
548,29282.623046875,ps
549,26694.44921875,ps
550,27660.501953125,ps
551,27122.130859375,ps
552,31487.8984375,ps
553,25705.357421875,ps
554,27774.291015625,ps
555,29687.634765625,ps
556,32545.177734375,ps
557,31742.294921875,ps
558,27186.21875,ps
559,25429.716796875,ps
560,30572.248046875,ps
561,25507.2578125,ps
562,35661.5390625,ps
563,28270.6953125,ps
564,32124.94921875,ps
565,27190.60546875,ps
566,35102.73828125,ps
567,33312.796875,ps
568,35495.546875,ps
569,33956.7265625,ps
570,39058.77734375,ps
571,30706.958984375,ps
572,35972.7421875,ps
574,35199.46484375,ps
575,37582.296875,ps
576,33514.36328125,ps
577,36129.015625,ps
578,33328.63671875,ps
579,35940.4453125,ps
580,31966.36328125,ps
581,37613.73046875,ps
582,30994.267578125,ps
583,37577.91796875,ps
584,39265.45703125,ps
585,35362.2734375,ps
586,36527.984375,ps
587,40204.0078125,ps
588,37349.921875,ps
589,35483.359375,ps
590,32489.21875,ps
591,34603.03125,ps
592,34057.77734375,ps
593,38841.10546875,ps
594,36158.640625,ps
595,39967.171875,ps
596,37868.671875,ps
597,40185.77734375,ps
598,40182.52734375,ps
599,40554.05859375,ps
600,41801.38671875,ps
601,39949.79296875,ps
602,41348.3046875,ps
603,35958.39453125,ps
604,40151.98046875,ps
605,42968.56640625,ps
606,42199.765625,ps
607,36199.515625,ps
608,46868.71484375,ps
609,41437.08984375,ps
610,44916.4765625,ps
611,52603.5390625,ps
612,54327.953125,ps
613,46877.55078125,ps
615,47205.25,ps
616,43596.828125,ps
617,43985.69921875,ps
618,50440.74609375,ps
619,41591.3828125,ps
620,42948.77734375,ps
621,45510.18359375,ps
622,46630.57421875,ps
623,44604.93359375,ps
624,45177.09375,ps
625,42706.73828125,ps
626,45787.62890625,ps
627,58193.40625,ps
628,55415.82421875,ps
629,53599.40625,ps
630,55756.578125,ps
631,49243.49609375,ps
632,47780.19921875,ps
633,56583.421875,ps
634,52494.046875,ps
635,56695.4609375,ps
636,54835.71484375,ps
637,61059.359375,ps
638,53494.890625,ps
639,59353.47265625,ps
640,52766.015625,ps
641,56245.5546875,ps
642,56596.95703125,ps
643,54008.69921875,ps
644,57249.96875,ps
645,57681.1640625,ps
646,62525.78125,ps
647,58740.16796875,ps
648,61912.67578125,ps
649,55900.34765625,ps
650,61550.828125,ps
651,66129.125,ps
652,55526.4375,ps
653,58298.46875,ps
654,65306.00390625,ps
656,63191.12109375,ps
657,59238.35546875,ps
658,61385.4609375,ps
659,62207.15234375,ps
660,62841.24609375,ps
661,65851.59375,ps
662,65718.109375,ps
663,62600.86328125,ps
664,71539.0390625,ps
665,65037.0078125,ps
666,68730.84375,ps
667,65851.234375,ps
668,67018.34375,ps
669,58979.6484375,ps
670,81688.078125,ps
671,69621.90625,ps
672,75025.0,ps
673,67800.265625,ps
674,61676.51171875,ps
675,69057.25,ps
676,66814.3515625,ps
677,59549.390625,ps
678,70325.859375,ps
679,71572.296875,ps
680,71928.4140625,ps
681,70951.1953125,ps
682,65501.953125,ps
683,76379.1015625,ps
684,73133.3984375,ps
685,64143.35546875,ps
686,70915.7734375,ps
687,77512.0703125,ps
688,69488.7109375,ps
689,73487.9609375,ps
690,75066.8125,ps
691,73079.8671875,ps
692,66243.1484375,ps
693,69754.609375,ps
694,73921.5703125,ps
695,77252.046875,ps
697,73436.0078125,ps
698,71191.8984375,ps
699,78029.0859375,ps
700,69260.9609375,ps
701,75766.21875,ps
702,72078.4609375,ps
703,69323.71875,ps
704,82822.3046875,ps
705,73075.2890625,ps
706,75561.4140625,ps
707,71744.7421875,ps
708,66546.65625,ps
709,72314.3125,ps
710,68191.1953125,ps
711,71261.1796875,ps
712,70163.9453125,ps
713,76107.5,ps
714,73589.265625,ps
715,70960.4921875,ps
716,65394.45703125,ps
717,69732.984375,ps
718,71639.3828125,ps
719,72233.109375,ps
720,74349.6875,ps
721,76020.578125,ps
722,80893.296875,ps
723,65238.58203125,ps
724,67182.078125,ps
725,74246.0,ps
726,66775.6875,ps
727,69404.296875,ps
728,77909.640625,ps
729,78769.0703125,ps
730,82685.7109375,ps
731,69334.5546875,ps
732,65805.59375,ps
733,69327.3203125,ps
734,72930.5,ps
735,68595.140625,ps
736,76214.2265625,ps
738,76330.21875,ps
739,81261.453125,ps
740,73382.6484375,ps
741,83698.7109375,ps
742,69828.28125,ps
743,82493.859375,ps
744,68210.375,ps
745,66895.7734375,ps
746,79959.609375,ps
747,71803.5625,ps
748,70192.5859375,ps
749,81252.9140625,ps
750,70219.2109375,ps
751,76575.578125,ps
752,66093.34375,ps
753,70066.328125,ps
754,75729.15625,ps
755,69280.328125,ps
756,80084.421875,ps
757,77856.3984375,ps
758,71047.734375,ps
759,68336.171875,ps
760,77247.6796875,ps
761,73540.890625,ps
762,69353.9765625,ps
763,70518.171875,ps
764,67735.328125,ps
765,69866.1328125,ps
766,71944.25,ps
767,76309.6640625,ps
768,74724.0,ps
769,73771.8046875,ps
770,75367.4765625,ps
771,65709.765625,ps
772,71924.796875,ps
773,67263.375,ps
774,71821.25,ps
775,81889.296875,ps
776,77997.6015625,ps
777,70729.90625,ps
779,75880.09375,ps
780,66164.421875,ps
781,61065.76953125,ps
782,78677.265625,ps
783,60753.87890625,ps
784,69305.4921875,ps
785,73558.6015625,ps
786,66739.15625,ps
787,68717.7734375,ps
788,68525.4453125,ps
789,79233.1796875,ps
790,75836.8203125,ps
791,75826.9765625,ps
792,70974.0,ps
793,76220.625,ps
794,82711.6328125,ps
795,76482.7421875,ps
796,71956.8046875,ps
797,82404.0703125,ps
798,72877.03125,ps
799,89589.609375,ps
800,73001.25,ps
801,82688.78125,ps
802,72668.0703125,ps
803,75450.3359375,ps
804,69494.53125,ps
805,70077.390625,ps
806,77362.15625,ps
807,81012.390625,ps
808,66141.484375,ps
809,80005.7734375,ps
810,66551.4140625,ps
811,72199.7265625,ps
812,67994.0859375,ps
813,67509.7265625,ps
814,73933.7578125,ps
815,72886.921875,ps
816,80740.28125,ps
817,79618.7734375,ps
818,72061.9375,ps
0,335508.125,lmap
1,4679.24462890625,lmap
2,2328.584716796875,lmap
3,1290.4984130859375,lmap
4,1036.5948486328125,lmap
5,963.3924560546876,lmap
6,1027.627197265625,lmap
7,1310.3106689453125,lmap
8,1348.0810546875,lmap
9,1438.2374267578125,lmap
10,1653.2154541015625,lmap
11,1959.882568359375,lmap
12,1632.58642578125,lmap
13,1961.2744140625,lmap
14,1597.6002197265625,lmap
15,2315.134765625,lmap
16,1961.4034423828125,lmap
17,2185.9140625,lmap
18,2472.380859375,lmap
19,2072.84033203125,lmap
20,2686.744384765625,lmap
21,2386.576904296875,lmap
22,2282.370849609375,lmap
23,2572.552978515625,lmap
24,3105.969482421875,lmap
25,3515.5107421875,lmap
26,2983.518310546875,lmap
27,2985.576416015625,lmap
28,2813.528076171875,lmap
29,2683.4951171875,lmap
30,3130.97119140625,lmap
31,3048.793212890625,lmap
32,3315.590576171875,lmap
33,2982.040283203125,lmap
34,3365.130615234375,lmap
35,3268.858154296875,lmap
36,3330.29248046875,lmap
37,3217.801025390625,lmap
38,3462.39892578125,lmap
39,3772.9130859375,lmap
41,3635.3251953125,lmap
42,3874.259033203125,lmap
43,3487.182373046875,lmap
44,3431.748046875,lmap
45,3056.9580078125,lmap
46,3535.3916015625,lmap
47,3351.6103515625,lmap
48,4049.407470703125,lmap
49,3315.57568359375,lmap
50,4012.58203125,lmap
51,4392.56689453125,lmap
52,4395.298828125,lmap
53,3754.181640625,lmap
54,4052.97119140625,lmap
55,3860.2822265625,lmap
56,4382.41015625,lmap
57,3598.550537109375,lmap
58,4055.98974609375,lmap
59,4272.19873046875,lmap
60,4413.8046875,lmap
61,3504.8720703125,lmap
62,3838.177734375,lmap
63,4168.6611328125,lmap
64,4048.161865234375,lmap
65,4090.88037109375,lmap
66,4372.37890625,lmap
67,4237.69287109375,lmap
68,4011.352294921875,lmap
69,5001.78857421875,lmap
70,4934.64697265625,lmap
71,5658.90380859375,lmap
72,4491.6240234375,lmap
73,4005.00634765625,lmap
74,5267.12890625,lmap
75,4447.96875,lmap
76,4928.544921875,lmap
77,4647.84423828125,lmap
78,4406.76171875,lmap
79,4907.517578125,lmap
80,3899.94580078125,lmap
82,4566.30126953125,lmap
83,4908.76220703125,lmap
84,4944.14990234375,lmap
85,4478.48876953125,lmap
86,4834.10205078125,lmap
87,5080.46337890625,lmap
88,4684.177734375,lmap
89,4842.048828125,lmap
90,4756.08447265625,lmap
91,4451.77490234375,lmap
92,4327.822265625,lmap
93,5086.57275390625,lmap
94,4958.2705078125,lmap
95,4325.18896484375,lmap
96,4004.220703125,lmap
97,4611.41650390625,lmap
98,4438.94580078125,lmap
99,4988.814453125,lmap
100,4680.837890625,lmap
101,4785.7802734375,lmap
102,4202.46240234375,lmap
103,5227.56591796875,lmap
104,5083.5380859375,lmap
105,5204.6650390625,lmap
106,5074.3193359375,lmap
107,5109.92578125,lmap
108,5020.3349609375,lmap
109,5456.45263671875,lmap
110,5607.90869140625,lmap
111,5500.2939453125,lmap
112,5324.64013671875,lmap
113,4576.9189453125,lmap
114,5119.5673828125,lmap
115,5608.96435546875,lmap
116,5171.81103515625,lmap
117,4745.712890625,lmap
118,5075.4970703125,lmap
119,5969.09619140625,lmap
120,5257.73193359375,lmap
121,4363.54638671875,lmap
123,4671.53466796875,lmap
124,5779.96826171875,lmap
125,5779.08544921875,lmap
126,5240.3046875,lmap
127,5162.50439453125,lmap
128,5061.7744140625,lmap
129,4891.1064453125,lmap
130,4964.3642578125,lmap
131,4830.9658203125,lmap
132,5804.9423828125,lmap
133,5326.3916015625,lmap
134,5142.7666015625,lmap
135,5276.8603515625,lmap
136,5571.7021484375,lmap
137,5270.8974609375,lmap
138,5703.48388671875,lmap
139,5412.72216796875,lmap
140,4891.97998046875,lmap
141,5369.60205078125,lmap
142,5810.296875,lmap
143,4594.744140625,lmap
144,5719.625,lmap
145,5762.2021484375,lmap
146,5385.48828125,lmap
147,4748.24365234375,lmap
148,5571.82275390625,lmap
149,5627.86669921875,lmap
150,6336.69580078125,lmap
151,4810.5126953125,lmap
152,5672.41162109375,lmap
153,5903.28369140625,lmap
154,5592.51708984375,lmap
155,5543.7529296875,lmap
156,5691.79150390625,lmap
157,6623.8974609375,lmap
158,5272.5087890625,lmap
159,5536.111328125,lmap
160,6736.68505859375,lmap
161,4787.5361328125,lmap
162,5219.84375,lmap
164,5806.98974609375,lmap
165,5095.291015625,lmap
166,5679.48974609375,lmap
167,5188.740234375,lmap
168,5094.0556640625,lmap
169,5254.02099609375,lmap
170,5685.56201171875,lmap
171,5560.69189453125,lmap
172,5100.8466796875,lmap
173,6311.68994140625,lmap
174,6311.85693359375,lmap
175,6248.14501953125,lmap
176,5480.2099609375,lmap
177,4702.20361328125,lmap
178,5694.9306640625,lmap
179,6191.6982421875,lmap
180,5008.7314453125,lmap
181,5400.0810546875,lmap
182,6384.72265625,lmap
183,5889.560546875,lmap
184,5683.13427734375,lmap
185,5621.5966796875,lmap
186,5801.705078125,lmap
187,5862.40673828125,lmap
188,4832.4052734375,lmap
189,7496.13671875,lmap
190,6080.7275390625,lmap
191,5549.96728515625,lmap
192,5154.0625,lmap
193,6611.6982421875,lmap
194,5324.79443359375,lmap
195,5867.080078125,lmap
196,5795.97216796875,lmap
197,5025.45263671875,lmap
198,5805.646484375,lmap
199,6149.5458984375,lmap
200,5649.171875,lmap
201,4296.7841796875,lmap
202,5697.79296875,lmap
203,5986.365234375,lmap
205,5346.71337890625,lmap
206,7034.06982421875,lmap
207,5948.97216796875,lmap
208,5668.30908203125,lmap
209,4984.330078125,lmap
210,6220.2255859375,lmap
211,5140.92578125,lmap
212,5443.2412109375,lmap
213,5605.033203125,lmap
214,5822.66845703125,lmap
215,6466.0087890625,lmap
216,6004.40185546875,lmap
217,5949.6171875,lmap
218,6484.84423828125,lmap
219,5500.25146484375,lmap
220,6373.962890625,lmap
221,5998.228515625,lmap
222,5824.150390625,lmap
223,5254.8212890625,lmap
224,5604.50439453125,lmap
225,5954.884765625,lmap
226,7005.244140625,lmap
227,7040.65966796875,lmap
228,5917.81591796875,lmap
229,5971.984375,lmap
230,5342.015625,lmap
231,4954.85009765625,lmap
232,6065.39306640625,lmap
233,6243.5703125,lmap
234,4808.765625,lmap
235,6069.81640625,lmap
236,6072.693359375,lmap
237,6465.46923828125,lmap
238,6123.22998046875,lmap
239,6444.740234375,lmap
240,6944.41455078125,lmap
241,5995.45947265625,lmap
242,7194.7197265625,lmap
243,5967.3203125,lmap
244,5564.80126953125,lmap
246,5737.80078125,lmap
247,5326.05029296875,lmap
248,6208.85888671875,lmap
249,5490.177734375,lmap
250,6724.58154296875,lmap
251,6213.35546875,lmap
252,6764.09619140625,lmap
253,5791.115234375,lmap
254,6634.5576171875,lmap
255,6219.236328125,lmap
256,5885.7001953125,lmap
257,6751.0625,lmap
258,5757.66943359375,lmap
259,6499.654296875,lmap
260,6282.24365234375,lmap
261,6519.353515625,lmap
262,6434.65478515625,lmap
263,6679.0986328125,lmap
264,6786.916015625,lmap
265,6518.2197265625,lmap
266,6957.23974609375,lmap
267,6868.92529296875,lmap
268,6695.83544921875,lmap
269,6425.34716796875,lmap
270,5951.00048828125,lmap
271,6591.5693359375,lmap
272,6953.75634765625,lmap
273,7002.1044921875,lmap
274,7072.34375,lmap
275,6017.11572265625,lmap
276,5991.5703125,lmap
277,6500.88623046875,lmap
278,6699.4609375,lmap
279,7253.40576171875,lmap
280,7223.52392578125,lmap
281,7038.69970703125,lmap
282,7042.95166015625,lmap
283,7551.021484375,lmap
284,6802.62744140625,lmap
285,5801.84521484375,lmap
287,6708.46533203125,lmap
288,8531.8828125,lmap
289,7108.40966796875,lmap
290,6658.84130859375,lmap
291,5522.60546875,lmap
292,6616.19873046875,lmap
293,7693.35693359375,lmap
294,5829.7294921875,lmap
295,6448.42578125,lmap
296,7780.4296875,lmap
297,6789.7060546875,lmap
298,7543.40673828125,lmap
299,6385.650390625,lmap
300,7662.76708984375,lmap
301,7197.572265625,lmap
302,6711.7080078125,lmap
303,6679.69091796875,lmap
304,6600.02197265625,lmap
305,6606.99658203125,lmap
306,7634.537109375,lmap
307,7017.51416015625,lmap
308,6464.33642578125,lmap
309,7807.7421875,lmap
310,6819.43798828125,lmap
311,8294.5009765625,lmap
312,6965.0556640625,lmap
313,7139.6650390625,lmap
314,6446.7646484375,lmap
315,7387.06103515625,lmap
316,8777.533203125,lmap
317,8104.08349609375,lmap
318,6935.9365234375,lmap
319,7360.33056640625,lmap
320,7420.7236328125,lmap
321,6419.78662109375,lmap
322,7409.3388671875,lmap
323,6568.326171875,lmap
324,7612.8583984375,lmap
325,7766.94873046875,lmap
326,8593.0087890625,lmap
328,7044.4462890625,lmap
329,7372.89990234375,lmap
330,6958.5966796875,lmap
331,7710.7880859375,lmap
332,7367.18310546875,lmap
333,7127.2958984375,lmap
334,7106.1396484375,lmap
335,6714.92578125,lmap
336,8214.2333984375,lmap
337,7290.7333984375,lmap
338,7774.23974609375,lmap
339,7066.12939453125,lmap
340,8499.5439453125,lmap
341,7084.27587890625,lmap
342,9111.1123046875,lmap
343,7741.19580078125,lmap
344,7315.259765625,lmap
345,7569.8984375,lmap
346,7929.2919921875,lmap
347,7398.64697265625,lmap
348,8155.9443359375,lmap
349,8817.8271484375,lmap
350,7871.6787109375,lmap
351,7764.2412109375,lmap
352,8439.857421875,lmap
353,8219.599609375,lmap
354,8149.01416015625,lmap
355,8039.3232421875,lmap
356,6359.4453125,lmap
357,8220.9267578125,lmap
358,7431.81494140625,lmap
359,9130.58203125,lmap
360,7899.48583984375,lmap
361,9620.3583984375,lmap
362,7827.14013671875,lmap
363,7869.73095703125,lmap
364,8858.1494140625,lmap
365,8843.443359375,lmap
366,8187.7080078125,lmap
367,7541.19970703125,lmap
369,7676.01806640625,lmap
370,8493.6494140625,lmap
371,9305.150390625,lmap
372,8506.5029296875,lmap
373,7882.3466796875,lmap
374,7731.80224609375,lmap
375,8782.3173828125,lmap
376,7907.56689453125,lmap
377,7438.52099609375,lmap
378,8685.95703125,lmap
379,9372.3720703125,lmap
380,7945.94482421875,lmap
381,9191.8154296875,lmap
382,8574.6474609375,lmap
383,9011.3193359375,lmap
384,9209.7841796875,lmap
385,8294.365234375,lmap
386,8709.056640625,lmap
387,6974.990234375,lmap
388,9037.6171875,lmap
389,10749.9755859375,lmap
390,10810.7080078125,lmap
391,9533.353515625,lmap
392,10132.9580078125,lmap
393,8579.970703125,lmap
394,9506.55078125,lmap
395,7218.47314453125,lmap
396,8303.6533203125,lmap
397,9791.8798828125,lmap
398,8532.3623046875,lmap
399,8108.416015625,lmap
400,8482.427734375,lmap
401,8013.63525390625,lmap
402,9796.447265625,lmap
403,8752.1982421875,lmap
404,9746.9443359375,lmap
405,8487.77734375,lmap
406,11421.1416015625,lmap
407,10027.5166015625,lmap
408,9065.232421875,lmap
410,8705.89453125,lmap
411,10218.0810546875,lmap
412,10975.666015625,lmap
413,11797.4501953125,lmap
414,10814.421875,lmap
415,9782.7890625,lmap
416,8061.2138671875,lmap
417,8405.5927734375,lmap
418,8696.1376953125,lmap
419,10718.5322265625,lmap
420,9294.7685546875,lmap
421,9239.1962890625,lmap
422,9181.6171875,lmap
423,9054.388671875,lmap
424,8691.5595703125,lmap
425,10353.8515625,lmap
426,10082.3876953125,lmap
427,9113.2470703125,lmap
428,8704.0693359375,lmap
429,9426.0595703125,lmap
430,9236.1484375,lmap
431,10337.33203125,lmap
432,10271.611328125,lmap
433,9631.7744140625,lmap
434,11464.5947265625,lmap
435,11417.7177734375,lmap
436,10779.9921875,lmap
437,11472.83203125,lmap
438,9094.4306640625,lmap
439,10433.701171875,lmap
440,9376.9541015625,lmap
441,9589.4931640625,lmap
442,10746.7744140625,lmap
443,11623.4326171875,lmap
444,9113.611328125,lmap
445,9571.1171875,lmap
446,10209.84765625,lmap
447,11389.3427734375,lmap
448,9960.1611328125,lmap
449,10390.00390625,lmap
451,9826.970703125,lmap
452,9849.62890625,lmap
453,10407.1552734375,lmap
454,10532.2724609375,lmap
455,11849.7080078125,lmap
456,10999.1845703125,lmap
457,12521.568359375,lmap
458,11153.9482421875,lmap
459,9550.90625,lmap
460,10901.43359375,lmap
461,9967.705078125,lmap
462,9896.1669921875,lmap
463,10343.09765625,lmap
464,10682.92578125,lmap
465,11055.828125,lmap
466,11468.6708984375,lmap
467,10869.076171875,lmap
468,10561.7314453125,lmap
469,10126.9365234375,lmap
470,12011.04296875,lmap
471,11049.6162109375,lmap
472,11315.416015625,lmap
473,10051.689453125,lmap
474,11414.0283203125,lmap
475,10840.9853515625,lmap
476,13974.421875,lmap
477,10998.14453125,lmap
478,10863.07421875,lmap
479,11250.1220703125,lmap
480,10665.4990234375,lmap
481,11687.4560546875,lmap
482,11758.09375,lmap
483,12668.369140625,lmap
484,12679.33984375,lmap
485,10591.9033203125,lmap
486,13668.1728515625,lmap
487,10981.8369140625,lmap
488,11028.68359375,lmap
489,12290.357421875,lmap
490,12234.9306640625,lmap
492,11577.6572265625,lmap
493,12986.4072265625,lmap
494,10935.25,lmap
495,12442.1259765625,lmap
496,11358.1630859375,lmap
497,10764.16015625,lmap
498,11054.427734375,lmap
499,13624.904296875,lmap
500,11457.0908203125,lmap
501,11153.1845703125,lmap
502,13808.205078125,lmap
503,12668.875,lmap
504,12170.14453125,lmap
505,13489.6767578125,lmap
506,11682.775390625,lmap
507,11655.8642578125,lmap
508,12774.1298828125,lmap
509,12818.580078125,lmap
510,14281.43359375,lmap
511,11621.3740234375,lmap
512,12852.697265625,lmap
513,12350.0966796875,lmap
514,12453.1806640625,lmap
515,13585.6201171875,lmap
516,13637.4326171875,lmap
517,14417.7626953125,lmap
518,12807.65234375,lmap
519,11971.396484375,lmap
520,13672.646484375,lmap
521,15125.4296875,lmap
522,12399.2509765625,lmap
523,13245.955078125,lmap
524,14900.7646484375,lmap
525,13124.111328125,lmap
526,15012.361328125,lmap
527,12572.7255859375,lmap
528,12917.09765625,lmap
529,12683.3818359375,lmap
530,14460.509765625,lmap
531,11872.4013671875,lmap
533,14467.703125,lmap
534,13814.9111328125,lmap
535,13564.2685546875,lmap
536,11520.2177734375,lmap
537,13618.7587890625,lmap
538,13611.17578125,lmap
539,14170.6787109375,lmap
540,14246.0048828125,lmap
541,13878.6201171875,lmap
542,13608.1162109375,lmap
543,14636.5126953125,lmap
544,13235.7412109375,lmap
545,13530.9150390625,lmap
546,12645.6630859375,lmap
547,15014.720703125,lmap
548,14331.9765625,lmap
549,15082.375,lmap
550,15540.4521484375,lmap
551,13974.8349609375,lmap
552,15176.19921875,lmap
553,14018.9443359375,lmap
554,15082.779296875,lmap
555,15259.68359375,lmap
556,16439.126953125,lmap
557,14534.3720703125,lmap
558,15563.9599609375,lmap
559,15544.3203125,lmap
560,15076.126953125,lmap
561,15128.1103515625,lmap
562,14391.5625,lmap
563,12390.896484375,lmap
564,16177.67578125,lmap
565,18002.716796875,lmap
566,17474.828125,lmap
567,17008.01171875,lmap
568,13987.0908203125,lmap
569,14562.9873046875,lmap
570,15561.6923828125,lmap
571,13594.6435546875,lmap
572,13915.33203125,lmap
574,14092.0537109375,lmap
575,17872.6484375,lmap
576,15721.716796875,lmap
577,15882.103515625,lmap
578,14048.126953125,lmap
579,12867.46484375,lmap
580,15768.994140625,lmap
581,15768.44140625,lmap
582,17083.181640625,lmap
583,15485.8828125,lmap
584,14364.896484375,lmap
585,15176.8203125,lmap
586,15336.4970703125,lmap
587,16091.517578125,lmap
588,14492.037109375,lmap
589,18605.93359375,lmap
590,13144.626953125,lmap
591,16959.185546875,lmap
592,15606.8310546875,lmap
593,16147.396484375,lmap
594,14516.6484375,lmap
595,14479.3740234375,lmap
596,16768.197265625,lmap
597,16554.072265625,lmap
598,14700.740234375,lmap
599,16094.314453125,lmap
600,16606.14453125,lmap
601,15255.1484375,lmap
602,18480.90234375,lmap
603,18190.119140625,lmap
604,14317.7138671875,lmap
605,16426.654296875,lmap
606,16049.4697265625,lmap
607,16829.955078125,lmap
608,15282.78125,lmap
609,15497.8701171875,lmap
610,16059.7939453125,lmap
611,14396.62109375,lmap
612,15765.900390625,lmap
613,18045.169921875,lmap
615,13604.8681640625,lmap
616,14351.048828125,lmap
617,16270.4375,lmap
618,15838.6796875,lmap
619,16849.453125,lmap
620,20116.552734375,lmap
621,16165.681640625,lmap
622,14347.322265625,lmap
623,17469.58984375,lmap
624,15310.9013671875,lmap
625,16179.8310546875,lmap
626,17069.751953125,lmap
627,15678.5986328125,lmap
628,16320.16015625,lmap
629,17284.1796875,lmap
630,15039.58984375,lmap
631,13800.3349609375,lmap
632,13786.5126953125,lmap
633,12902.4755859375,lmap
634,16955.716796875,lmap
635,17010.845703125,lmap
636,14559.1376953125,lmap
637,12839.2978515625,lmap
638,19496.951171875,lmap
639,13010.8447265625,lmap
640,14999.3134765625,lmap
641,14520.4072265625,lmap
642,15963.6630859375,lmap
643,12662.220703125,lmap
644,14415.103515625,lmap
645,16695.62109375,lmap
646,16675.978515625,lmap
647,16754.265625,lmap
648,15126.5498046875,lmap
649,13080.29296875,lmap
650,15322.20703125,lmap
651,16160.9345703125,lmap
652,10608.771484375,lmap
653,13073.2431640625,lmap
654,14303.3154296875,lmap
656,13257.908203125,lmap
657,15308.0048828125,lmap
658,13991.3603515625,lmap
659,14927.7275390625,lmap
660,13375.76953125,lmap
661,12163.029296875,lmap
662,11475.2578125,lmap
663,13306.935546875,lmap
664,12261.8271484375,lmap
665,13869.3896484375,lmap
666,12190.1865234375,lmap
667,13259.435546875,lmap
668,16964.626953125,lmap
669,14957.048828125,lmap
670,12485.859375,lmap
671,12708.4326171875,lmap
672,12652.4072265625,lmap
673,12709.203125,lmap
674,11065.490234375,lmap
675,15594.11328125,lmap
676,12992.4599609375,lmap
677,12577.37890625,lmap
678,12742.916015625,lmap
679,14659.439453125,lmap
680,13863.52734375,lmap
681,11544.5126953125,lmap
682,14178.8056640625,lmap
683,14484.65234375,lmap
684,15187.7490234375,lmap
685,12032.083984375,lmap
686,15024.107421875,lmap
687,17124.6015625,lmap
688,14019.6982421875,lmap
689,13689.564453125,lmap
690,11771.669921875,lmap
691,14107.75390625,lmap
692,12509.734375,lmap
693,12608.9970703125,lmap
694,11344.3935546875,lmap
695,10616.2783203125,lmap
697,14319.9755859375,lmap
698,12867.76953125,lmap
699,12936.8017578125,lmap
700,11520.2822265625,lmap
701,13301.6416015625,lmap
702,13294.017578125,lmap
703,13747.61328125,lmap
704,13893.51171875,lmap
705,13009.6669921875,lmap
706,14109.919921875,lmap
707,14689.607421875,lmap
708,11993.029296875,lmap
709,11906.357421875,lmap
710,12960.0576171875,lmap
711,13453.693359375,lmap
712,13041.2314453125,lmap
713,12538.8427734375,lmap
714,14314.3876953125,lmap
715,14110.5341796875,lmap
716,14889.65625,lmap
717,11989.15234375,lmap
718,16874.525390625,lmap
719,12716.443359375,lmap
720,10873.94140625,lmap
721,16002.578125,lmap
722,13628.7431640625,lmap
723,12192.62890625,lmap
724,12123.98828125,lmap
725,13950.1474609375,lmap
726,11876.6044921875,lmap
727,14473.5751953125,lmap
728,12718.861328125,lmap
729,13358.23046875,lmap
730,11003.5185546875,lmap
731,12417.2294921875,lmap
732,13877.8125,lmap
733,15339.4853515625,lmap
734,15402.3271484375,lmap
735,14335.6669921875,lmap
736,13058.4130859375,lmap
738,12941.76953125,lmap
739,13585.521484375,lmap
740,17408.447265625,lmap
741,16794.7109375,lmap
742,14521.0556640625,lmap
743,11280.2314453125,lmap
744,12670.630859375,lmap
745,13463.5712890625,lmap
746,12011.9130859375,lmap
747,12786.9384765625,lmap
748,13660.32421875,lmap
749,16595.876953125,lmap
750,14916.0927734375,lmap
751,12632.90234375,lmap
752,12491.880859375,lmap
753,12386.0498046875,lmap
754,13311.2568359375,lmap
755,11882.5859375,lmap
756,11329.763671875,lmap
757,13568.115234375,lmap
758,15558.12109375,lmap
759,13331.583984375,lmap
760,15533.83203125,lmap
761,13367.443359375,lmap
762,12816.7958984375,lmap
763,12936.7412109375,lmap
764,15316.4296875,lmap
765,11622.9345703125,lmap
766,12992.4853515625,lmap
767,11932.4462890625,lmap
768,12293.0087890625,lmap
769,13373.072265625,lmap
770,14906.009765625,lmap
771,12127.0517578125,lmap
772,12293.611328125,lmap
773,13661.5126953125,lmap
774,13742.1689453125,lmap
775,14580.7705078125,lmap
776,12198.8017578125,lmap
777,11105.1796875,lmap
779,15453.3251953125,lmap
780,12885.748046875,lmap
781,11310.4345703125,lmap
782,12168.4755859375,lmap
783,12653.4296875,lmap
784,12460.849609375,lmap
785,15538.5205078125,lmap
786,11539.953125,lmap
787,13178.85546875,lmap
788,16619.02734375,lmap
789,12765.103515625,lmap
790,10905.26171875,lmap
791,11315.5595703125,lmap
792,11865.330078125,lmap
793,14169.3125,lmap
794,13213.431640625,lmap
795,14214.169921875,lmap
796,13393.12890625,lmap
797,14726.7978515625,lmap
798,9019.8515625,lmap
799,12044.7939453125,lmap
800,14104.990234375,lmap
801,13848.728515625,lmap
802,12439.8388671875,lmap
803,13827.705078125,lmap
804,10628.8095703125,lmap
805,14035.880859375,lmap
806,15202.76953125,lmap
807,12948.5498046875,lmap
808,11322.7529296875,lmap
809,13907.3349609375,lmap
810,12793.2548828125,lmap
811,12557.759765625,lmap
812,15608.9111328125,lmap
813,14387.9208984375,lmap
814,12148.603515625,lmap
815,12808.064453125,lmap
816,12723.71875,lmap
817,10220.8193359375,lmap
818,10660.5537109375,lmap
