run_id,ce_loss,step,dataset,method
0,1.7990351,-50.0,cifar10,lmap
0,1.5007187,-48.0,cifar10,lmap
0,1.2211295,-46.0,cifar10,lmap
0,0.9659012,-44.0,cifar10,lmap
0,0.7408827,-42.0,cifar10,lmap
0,0.5503438,-40.0,cifar10,lmap
0,0.39614782,-38.0,cifar10,lmap
0,0.27669978,-36.0,cifar10,lmap
0,0.18780297,-34.0,cifar10,lmap
0,0.12407908,-32.0,cifar10,lmap
0,0.07994322,-30.0,cifar10,lmap
0,0.05028653,-28.0,cifar10,lmap
0,0.030998202,-26.0,cifar10,lmap
0,0.018811285,-24.0,cifar10,lmap
0,0.011313271,-22.0,cifar10,lmap
0,0.006794723,-20.0,cifar10,lmap
0,0.004128681,-18.0,cifar10,lmap
0,0.0025741167,-16.0,cifar10,lmap
0,0.0016661348,-14.0,cifar10,lmap
0,0.0011319392,-12.0,cifar10,lmap
0,0.0008154432,-10.0,cifar10,lmap
0,0.00062464894,-8.0,cifar10,lmap
0,0.0005083759,-6.0,cifar10,lmap
0,0.00043924636,-4.0,cifar10,lmap
0,0.0004017903,-2.0,cifar10,lmap
0,0.00038783034,0.0,cifar10,lmap
0,0.00039476363,2.0,cifar10,lmap
0,0.00042420966,4.0,cifar10,lmap
0,0.000482034,6.0,cifar10,lmap
0,0.00058006117,8.0,cifar10,lmap
0,0.00074054784,10.0,cifar10,lmap
0,0.0010038565,12.0,cifar10,lmap
0,0.0014413882,14.0,cifar10,lmap
0,0.0021762527,16.0,cifar10,lmap
0,0.003413751,18.0,cifar10,lmap
0,0.0055025965,20.0,cifar10,lmap
0,0.008999436,22.0,cifar10,lmap
0,0.014777183,24.0,cifar10,lmap
0,0.024167353,26.0,cifar10,lmap
0,0.039137352,28.0,cifar10,lmap
0,0.06242209,30.0,cifar10,lmap
0,0.09767722,32.0,cifar10,lmap
0,0.14933003,34.0,cifar10,lmap
0,0.22228964,36.0,cifar10,lmap
0,0.32110408,38.0,cifar10,lmap
0,0.4490336,40.0,cifar10,lmap
0,0.60725564,42.0,cifar10,lmap
0,0.7941309,44.0,cifar10,lmap
0,1.005598,46.0,cifar10,lmap
0,1.2360915,48.0,cifar10,lmap
0,1.4804544,50.0,cifar10,lmap
1,1.5515336,-50.0,cifar10,lmap
1,1.323655,-48.0,cifar10,lmap
1,1.1026467,-46.0,cifar10,lmap
1,0.89430714,-44.0,cifar10,lmap
1,0.7045378,-42.0,cifar10,lmap
1,0.538374,-40.0,cifar10,lmap
1,0.39879477,-38.0,cifar10,lmap
1,0.28628927,-36.0,cifar10,lmap
1,0.19920827,-34.0,cifar10,lmap
1,0.13453142,-32.0,cifar10,lmap
1,0.08827939,-30.0,cifar10,lmap
1,0.05634657,-28.0,cifar10,lmap
1,0.03509695,-26.0,cifar10,lmap
1,0.021466024,-24.0,cifar10,lmap
1,0.012992938,-22.0,cifar10,lmap
1,0.007867913,-20.0,cifar10,lmap
1,0.004824326,-18.0,cifar10,lmap
1,0.00302172,-16.0,cifar10,lmap
1,0.0019439942,-14.0,cifar10,lmap
1,0.0012986527,-12.0,cifar10,lmap
1,0.00091383705,-10.0,cifar10,lmap
1,0.00068216893,-8.0,cifar10,lmap
1,0.00054209196,-6.0,cifar10,lmap
1,0.0004578581,-4.0,cifar10,lmap
1,0.00040954887,-2.0,cifar10,lmap
1,0.00038783034,0.0,cifar10,lmap
1,0.00038871932,2.0,cifar10,lmap
1,0.00041365955,4.0,cifar10,lmap
1,0.00046884155,6.0,cifar10,lmap
1,0.000567288,8.0,cifar10,lmap
1,0.0007338734,10.0,cifar10,lmap
1,0.0010179424,12.0,cifar10,lmap
1,0.0015078894,14.0,cifar10,lmap
1,0.0023680322,16.0,cifar10,lmap
1,0.003885199,18.0,cifar10,lmap
1,0.006534171,20.0,cifar10,lmap
1,0.011012536,22.0,cifar10,lmap
1,0.018444348,24.0,cifar10,lmap
1,0.030512104,26.0,cifar10,lmap
1,0.049684715,28.0,cifar10,lmap
1,0.0793528,30.0,cifar10,lmap
1,0.124007896,32.0,cifar10,lmap
1,0.18905179,34.0,cifar10,lmap
1,0.2805738,36.0,cifar10,lmap
1,0.40448722,38.0,cifar10,lmap
1,0.5652059,40.0,cifar10,lmap
1,0.7640157,42.0,cifar10,lmap
1,0.9987221,44.0,cifar10,lmap
1,1.263947,46.0,cifar10,lmap
1,1.5533308,48.0,cifar10,lmap
1,1.8628342,50.0,cifar10,lmap
2,1.9003059,-50.0,cifar10,lmap
2,1.6570256,-48.0,cifar10,lmap
2,1.4138377,-46.0,cifar10,lmap
2,1.176649,-44.0,cifar10,lmap
2,0.9526884,-42.0,cifar10,lmap
2,0.74906325,-40.0,cifar10,lmap
2,0.57129455,-38.0,cifar10,lmap
2,0.42265183,-36.0,cifar10,lmap
2,0.30321884,-34.0,cifar10,lmap
2,0.21081866,-32.0,cifar10,lmap
2,0.14186424,-30.0,cifar10,lmap
2,0.09221746,-28.0,cifar10,lmap
2,0.05784745,-26.0,cifar10,lmap
2,0.035030935,-24.0,cifar10,lmap
2,0.0205494,-22.0,cifar10,lmap
2,0.011767054,-20.0,cifar10,lmap
2,0.006653514,-18.0,cifar10,lmap
2,0.0037932592,-16.0,cifar10,lmap
2,0.0022367272,-14.0,cifar10,lmap
2,0.0013967784,-12.0,cifar10,lmap
2,0.0009355695,-10.0,cifar10,lmap
2,0.00067472656,-8.0,cifar10,lmap
2,0.00052692066,-6.0,cifar10,lmap
2,0.0004447356,-4.0,cifar10,lmap
2,0.0004022129,-2.0,cifar10,lmap
2,0.00038783034,0.0,cifar10,lmap
2,0.0003972599,2.0,cifar10,lmap
2,0.00043276008,4.0,cifar10,lmap
2,0.00050078414,6.0,cifar10,lmap
2,0.0006163008,8.0,cifar10,lmap
2,0.0008087352,10.0,cifar10,lmap
2,0.0011325739,12.0,cifar10,lmap
2,0.0016804395,14.0,cifar10,lmap
2,0.0026115554,16.0,cifar10,lmap
2,0.004202506,18.0,cifar10,lmap
2,0.0069116177,20.0,cifar10,lmap
2,0.011448745,22.0,cifar10,lmap
2,0.018851452,24.0,cifar10,lmap
2,0.03064586,26.0,cifar10,lmap
2,0.048991777,28.0,cifar10,lmap
2,0.07683652,30.0,cifar10,lmap
2,0.11798999,32.0,cifar10,lmap
2,0.17727394,34.0,cifar10,lmap
2,0.2604356,36.0,cifar10,lmap
2,0.37323928,38.0,cifar10,lmap
2,0.52051234,40.0,cifar10,lmap
2,0.7046777,42.0,cifar10,lmap
2,0.9244815,44.0,cifar10,lmap
2,1.1747171,46.0,cifar10,lmap
2,1.4480013,48.0,cifar10,lmap
2,1.7380797,50.0,cifar10,lmap
3,1.8092879,-50.0,cifar10,lmap
3,1.5378462,-48.0,cifar10,lmap
3,1.2716829,-46.0,cifar10,lmap
3,1.0166802,-44.0,cifar10,lmap
3,0.7821164,-42.0,cifar10,lmap
3,0.5773243,-40.0,cifar10,lmap
3,0.40894672,-38.0,cifar10,lmap
3,0.27863848,-36.0,cifar10,lmap
3,0.1833573,-34.0,cifar10,lmap
3,0.11707804,-32.0,cifar10,lmap
3,0.072852984,-30.0,cifar10,lmap
3,0.044358592,-28.0,cifar10,lmap
3,0.02657661,-26.0,cifar10,lmap
3,0.015777633,-24.0,cifar10,lmap
3,0.00935565,-22.0,cifar10,lmap
3,0.005588087,-20.0,cifar10,lmap
3,0.003411654,-18.0,cifar10,lmap
3,0.002154165,-16.0,cifar10,lmap
3,0.0014257593,-14.0,cifar10,lmap
3,0.0009976273,-12.0,cifar10,lmap
3,0.0007411865,-10.0,cifar10,lmap
3,0.00058334635,-8.0,cifar10,lmap
3,0.00048563728,-6.0,cifar10,lmap
3,0.00042684667,-4.0,cifar10,lmap
3,0.0003961762,-2.0,cifar10,lmap
3,0.00038783034,0.0,cifar10,lmap
3,0.00040020244,2.0,cifar10,lmap
3,0.00043465296,4.0,cifar10,lmap
3,0.00049846794,6.0,cifar10,lmap
3,0.0006055355,8.0,cifar10,lmap
3,0.00078158674,10.0,cifar10,lmap
3,0.0010719064,12.0,cifar10,lmap
3,0.0015532848,14.0,cifar10,lmap
3,0.0023586,16.0,cifar10,lmap
3,0.003729026,18.0,cifar10,lmap
3,0.0060871686,20.0,cifar10,lmap
3,0.010114153,22.0,cifar10,lmap
3,0.016901271,24.0,cifar10,lmap
3,0.028104974,26.0,cifar10,lmap
3,0.046158873,28.0,cifar10,lmap
3,0.07445075,30.0,cifar10,lmap
3,0.11747339,32.0,cifar10,lmap
3,0.1811364,34.0,cifar10,lmap
3,0.27253202,36.0,cifar10,lmap
3,0.39926735,38.0,cifar10,lmap
3,0.56830007,40.0,cifar10,lmap
3,0.78478026,42.0,cifar10,lmap
3,1.0507964,44.0,cifar10,lmap
3,1.363629,46.0,cifar10,lmap
3,1.7171767,48.0,cifar10,lmap
3,2.1045082,50.0,cifar10,lmap
4,1.9668764,-50.0,cifar10,lmap
4,1.6678576,-48.0,cifar10,lmap
4,1.3824822,-46.0,cifar10,lmap
4,1.1145405,-44.0,cifar10,lmap
4,0.871202,-42.0,cifar10,lmap
4,0.65916514,-40.0,cifar10,lmap
4,0.4823907,-38.0,cifar10,lmap
4,0.34164444,-36.0,cifar10,lmap
4,0.23423675,-34.0,cifar10,lmap
4,0.15556857,-32.0,cifar10,lmap
4,0.10018605,-30.0,cifar10,lmap
4,0.06264989,-28.0,cifar10,lmap
4,0.038135406,-26.0,cifar10,lmap
4,0.022704067,-24.0,cifar10,lmap
4,0.013316963,-22.0,cifar10,lmap
4,0.007774597,-20.0,cifar10,lmap
4,0.0045753317,-18.0,cifar10,lmap
4,0.0027560852,-16.0,cifar10,lmap
4,0.0017281612,-14.0,cifar10,lmap
4,0.0011437229,-12.0,cifar10,lmap
4,0.0008077441,-10.0,cifar10,lmap
4,0.00061255373,-8.0,cifar10,lmap
4,0.0004970618,-6.0,cifar10,lmap
4,0.00043032638,-4.0,cifar10,lmap
4,0.00039651687,-2.0,cifar10,lmap
4,0.00038783025,0.0,cifar10,lmap
4,0.00040231895,2.0,cifar10,lmap
4,0.00044347235,4.0,cifar10,lmap
4,0.00052026863,6.0,cifar10,lmap
4,0.00065147964,8.0,cifar10,lmap
4,0.0008694415,10.0,cifar10,lmap
4,0.0012337858,12.0,cifar10,lmap
4,0.0018486419,14.0,cifar10,lmap
4,0.0029002505,16.0,cifar10,lmap
4,0.004693822,18.0,cifar10,lmap
4,0.007726417,20.0,cifar10,lmap
4,0.012797744,22.0,cifar10,lmap
4,0.021150341,24.0,cifar10,lmap
4,0.034705833,26.0,cifar10,lmap
4,0.056206014,28.0,cifar10,lmap
4,0.08938804,30.0,cifar10,lmap
4,0.13902459,32.0,cifar10,lmap
4,0.21045859,34.0,cifar10,lmap
4,0.3088104,36.0,cifar10,lmap
4,0.4378689,38.0,cifar10,lmap
4,0.59873384,40.0,cifar10,lmap
4,0.78919196,42.0,cifar10,lmap
4,1.0042121,44.0,cifar10,lmap
4,1.2373227,46.0,cifar10,lmap
4,1.482722,48.0,cifar10,lmap
4,1.7342077,50.0,cifar10,lmap
5,1.6617737,-50.0,cifar10,lmap
5,1.3814067,-48.0,cifar10,lmap
5,1.1153733,-46.0,cifar10,lmap
5,0.87276685,-44.0,cifar10,lmap
5,0.66147107,-42.0,cifar10,lmap
5,0.4863597,-40.0,cifar10,lmap
5,0.34748405,-38.0,cifar10,lmap
5,0.24168442,-36.0,cifar10,lmap
5,0.16381857,-34.0,cifar10,lmap
5,0.108370505,-32.0,cifar10,lmap
5,0.07004867,-30.0,cifar10,lmap
5,0.044312567,-28.0,cifar10,lmap
5,0.027514579,-26.0,cifar10,lmap
5,0.016844736,-24.0,cifar10,lmap
5,0.010231849,-22.0,cifar10,lmap
5,0.006215298,-20.0,cifar10,lmap
5,0.003816889,-18.0,cifar10,lmap
5,0.0024019547,-16.0,cifar10,lmap
5,0.0015692129,-14.0,cifar10,lmap
5,0.00107531,-12.0,cifar10,lmap
5,0.00077994925,-10.0,cifar10,lmap
5,0.0006015485,-8.0,cifar10,lmap
5,0.0004937119,-6.0,cifar10,lmap
5,0.0004303834,-4.0,cifar10,lmap
5,0.00039714575,-2.0,cifar10,lmap
5,0.00038783025,0.0,cifar10,lmap
5,0.0004015857,2.0,cifar10,lmap
5,0.0004415992,4.0,cifar10,lmap
5,0.0005163518,6.0,cifar10,lmap
5,0.000643677,8.0,cifar10,lmap
5,0.000855769,10.0,cifar10,lmap
5,0.0012134329,12.0,cifar10,lmap
5,0.0018287182,14.0,cifar10,lmap
5,0.0028950048,16.0,cifar10,lmap
5,0.0047384235,18.0,cifar10,lmap
5,0.007902789,20.0,cifar10,lmap
5,0.013272595,22.0,cifar10,lmap
5,0.022176186,24.0,cifar10,lmap
5,0.036526084,26.0,cifar10,lmap
5,0.058972526,28.0,cifar10,lmap
5,0.093026295,30.0,cifar10,lmap
5,0.14299364,32.0,cifar10,lmap
5,0.21384948,34.0,cifar10,lmap
5,0.31047353,36.0,cifar10,lmap
5,0.43642336,38.0,cifar10,lmap
5,0.5927275,40.0,cifar10,lmap
5,0.7768259,42.0,cifar10,lmap
5,0.98291856,44.0,cifar10,lmap
5,1.2028801,46.0,cifar10,lmap
5,1.4286453,48.0,cifar10,lmap
5,1.6538434,50.0,cifar10,lmap
6,1.5571867,-50.0,cifar10,lmap
6,1.3096489,-48.0,cifar10,lmap
6,1.075522,-46.0,cifar10,lmap
6,0.8602601,-44.0,cifar10,lmap
6,0.66919756,-42.0,cifar10,lmap
6,0.5058792,-40.0,cifar10,lmap
6,0.37147897,-38.0,cifar10,lmap
6,0.26487818,-36.0,cifar10,lmap
6,0.18335468,-34.0,cifar10,lmap
6,0.123196654,-32.0,cifar10,lmap
6,0.080390595,-30.0,cifar10,lmap
6,0.051054686,-28.0,cifar10,lmap
6,0.031693697,-26.0,cifar10,lmap
6,0.01932646,-24.0,cifar10,lmap
6,0.011662398,-22.0,cifar10,lmap
6,0.0070281024,-20.0,cifar10,lmap
6,0.0042779855,-18.0,cifar10,lmap
6,0.0026623523,-16.0,cifar10,lmap
6,0.0017195502,-14.0,cifar10,lmap
6,0.0011667581,-12.0,cifar10,lmap
6,0.0008384067,-10.0,cifar10,lmap
6,0.0006395211,-8.0,cifar10,lmap
6,0.0005180659,-6.0,cifar10,lmap
6,0.0004448217,-4.0,cifar10,lmap
6,0.0004042465,-2.0,cifar10,lmap
6,0.00038783025,0.0,cifar10,lmap
6,0.00039260916,2.0,cifar10,lmap
6,0.0004200337,4.0,cifar10,lmap
6,0.00047703015,6.0,cifar10,lmap
6,0.0005773013,8.0,cifar10,lmap
6,0.0007459701,10.0,cifar10,lmap
6,0.0010315991,12.0,cifar10,lmap
6,0.001524063,14.0,cifar10,lmap
6,0.0023830193,16.0,cifar10,lmap
6,0.003883328,18.0,cifar10,lmap
6,0.0064704386,20.0,cifar10,lmap
6,0.010872041,22.0,cifar10,lmap
6,0.018243704,24.0,cifar10,lmap
6,0.03026606,26.0,cifar10,lmap
6,0.04920407,28.0,cifar10,lmap
6,0.07799672,30.0,cifar10,lmap
6,0.12030556,32.0,cifar10,lmap
6,0.18024832,34.0,cifar10,lmap
6,0.26232913,36.0,cifar10,lmap
6,0.37118295,38.0,cifar10,lmap
6,0.5106225,40.0,cifar10,lmap
6,0.68338317,42.0,cifar10,lmap
6,0.8894139,44.0,cifar10,lmap
6,1.126507,46.0,cifar10,lmap
6,1.389827,48.0,cifar10,lmap
6,1.6727003,50.0,cifar10,lmap
7,1.5996127,-50.0,cifar10,lmap
7,1.3466246,-48.0,cifar10,lmap
7,1.106739,-46.0,cifar10,lmap
7,0.8855468,-44.0,cifar10,lmap
7,0.6880511,-42.0,cifar10,lmap
7,0.51859725,-40.0,cifar10,lmap
7,0.3786078,-38.0,cifar10,lmap
7,0.26765323,-36.0,cifar10,lmap
7,0.18341309,-34.0,cifar10,lmap
7,0.12186226,-32.0,cifar10,lmap
7,0.07859332,-30.0,cifar10,lmap
7,0.049336825,-28.0,cifar10,lmap
7,0.030224677,-26.0,cifar10,lmap
7,0.018138995,-24.0,cifar10,lmap
7,0.010756666,-22.0,cifar10,lmap
7,0.0064034155,-20.0,cifar10,lmap
7,0.003880451,-18.0,cifar10,lmap
7,0.0024291896,-16.0,cifar10,lmap
7,0.0015905885,-14.0,cifar10,lmap
7,0.0010971706,-12.0,cifar10,lmap
7,0.00080067205,-10.0,cifar10,lmap
7,0.0006188882,-8.0,cifar10,lmap
7,0.0005070259,-6.0,cifar10,lmap
7,0.00043947136,-4.0,cifar10,lmap
7,0.0004020733,-2.0,cifar10,lmap
7,0.00038783025,0.0,cifar10,lmap
7,0.00039453598,2.0,cifar10,lmap
7,0.00042450335,4.0,cifar10,lmap
7,0.00048381224,6.0,cifar10,lmap
7,0.00058698514,8.0,cifar10,lmap
7,0.0007615132,10.0,cifar10,lmap
7,0.0010594596,12.0,cifar10,lmap
7,0.0015746303,14.0,cifar10,lmap
7,0.0024857593,16.0,cifar10,lmap
7,0.0041182307,18.0,cifar10,lmap
7,0.007046196,20.0,cifar10,lmap
7,0.012197305,22.0,cifar10,lmap
7,0.02103333,24.0,cifar10,lmap
7,0.035831008,26.0,cifar10,lmap
7,0.05989559,28.0,cifar10,lmap
7,0.097545415,30.0,cifar10,lmap
7,0.15403326,32.0,cifar10,lmap
7,0.23538288,34.0,cifar10,lmap
7,0.3473463,36.0,cifar10,lmap
7,0.4940396,38.0,cifar10,lmap
7,0.6768137,40.0,cifar10,lmap
7,0.8931532,42.0,cifar10,lmap
7,1.1362275,44.0,cifar10,lmap
7,1.39763,46.0,cifar10,lmap
7,1.6703837,48.0,cifar10,lmap
7,1.9511193,50.0,cifar10,lmap
8,2.0115345,-50.0,cifar10,lmap
8,1.6812901,-48.0,cifar10,lmap
8,1.3630782,-46.0,cifar10,lmap
8,1.0662348,-44.0,cifar10,lmap
8,0.80196804,-42.0,cifar10,lmap
8,0.579915,-40.0,cifar10,lmap
8,0.4042563,-38.0,cifar10,lmap
8,0.2725375,-36.0,cifar10,lmap
8,0.17837653,-34.0,cifar10,lmap
8,0.113746606,-32.0,cifar10,lmap
8,0.0707802,-30.0,cifar10,lmap
8,0.04312455,-28.0,cifar10,lmap
8,0.02583399,-26.0,cifar10,lmap
8,0.015324831,-24.0,cifar10,lmap
8,0.009086157,-22.0,cifar10,lmap
8,0.0054324986,-20.0,cifar10,lmap
8,0.0033145633,-18.0,cifar10,lmap
8,0.0020915202,-16.0,cifar10,lmap
8,0.0013859939,-14.0,cifar10,lmap
8,0.00097289105,-12.0,cifar10,lmap
8,0.00072417944,-10.0,cifar10,lmap
8,0.00057194947,-8.0,cifar10,lmap
8,0.0004780376,-6.0,cifar10,lmap
8,0.00042225866,-4.0,cifar10,lmap
8,0.0003940325,-2.0,cifar10,lmap
8,0.00038783046,0.0,cifar10,lmap
8,0.00040254378,2.0,cifar10,lmap
8,0.00044194056,4.0,cifar10,lmap
8,0.0005143623,6.0,cifar10,lmap
8,0.0006367523,8.0,cifar10,lmap
8,0.0008408411,10.0,cifar10,lmap
8,0.0011849293,12.0,cifar10,lmap
8,0.0017753503,14.0,cifar10,lmap
8,0.0028005575,16.0,cifar10,lmap
8,0.0046018097,18.0,cifar10,lmap
8,0.0077761193,20.0,cifar10,lmap
8,0.013332922,22.0,cifar10,lmap
8,0.022859413,24.0,cifar10,lmap
8,0.03871789,26.0,cifar10,lmap
8,0.06421437,28.0,cifar10,lmap
8,0.10381095,30.0,cifar10,lmap
8,0.1629451,32.0,cifar10,lmap
8,0.24734132,34.0,cifar10,lmap
8,0.36218527,36.0,cifar10,lmap
8,0.51051396,38.0,cifar10,lmap
8,0.69187903,40.0,cifar10,lmap
8,0.9016378,42.0,cifar10,lmap
8,1.1321889,44.0,cifar10,lmap
8,1.3746496,46.0,cifar10,lmap
8,1.6211634,48.0,cifar10,lmap
8,1.8672606,50.0,cifar10,lmap
9,1.458082,-50.0,cifar10,lmap
9,1.2264854,-48.0,cifar10,lmap
9,1.0032539,-46.0,cifar10,lmap
9,0.79528946,-44.0,cifar10,lmap
9,0.60982335,-42.0,cifar10,lmap
9,0.45211378,-40.0,cifar10,lmap
9,0.3243084,-38.0,cifar10,lmap
9,0.22530273,-36.0,cifar10,lmap
9,0.15191121,-34.0,cifar10,lmap
9,0.09967586,-32.0,cifar10,lmap
9,0.06380594,-30.0,cifar10,lmap
9,0.04000599,-28.0,cifar10,lmap
9,0.024751445,-26.0,cifar10,lmap
9,0.015185998,-24.0,cifar10,lmap
9,0.009311442,-22.0,cifar10,lmap
9,0.005744253,-20.0,cifar10,lmap
9,0.0035911216,-18.0,cifar10,lmap
9,0.0023002273,-16.0,cifar10,lmap
9,0.0015288545,-14.0,cifar10,lmap
9,0.0010645771,-12.0,cifar10,lmap
9,0.00078280736,-10.0,cifar10,lmap
9,0.00060825376,-8.0,cifar10,lmap
9,0.00050038047,-6.0,cifar10,lmap
9,0.00043538873,-4.0,cifar10,lmap
9,0.00040020086,-2.0,cifar10,lmap
9,0.00038783046,0.0,cifar10,lmap
9,0.0003960591,2.0,cifar10,lmap
9,0.00042706062,4.0,cifar10,lmap
9,0.00048684867,6.0,cifar10,lmap
9,0.0005874404,8.0,cifar10,lmap
9,0.00074813626,10.0,cifar10,lmap
9,0.0010060517,12.0,cifar10,lmap
9,0.0014283499,14.0,cifar10,lmap
9,0.0021314838,16.0,cifar10,lmap
9,0.003324777,18.0,cifar10,lmap
9,0.005352312,20.0,cifar10,lmap
9,0.008807589,22.0,cifar10,lmap
9,0.014660283,24.0,cifar10,lmap
9,0.024422752,26.0,cifar10,lmap
9,0.04037507,28.0,cifar10,lmap
9,0.06574394,30.0,cifar10,lmap
9,0.104844116,32.0,cifar10,lmap
9,0.16294573,34.0,cifar10,lmap
9,0.2457725,36.0,cifar10,lmap
9,0.35890773,38.0,cifar10,lmap
9,0.5060888,40.0,cifar10,lmap
9,0.6879061,42.0,cifar10,lmap
9,0.901182,44.0,cifar10,lmap
9,1.1387129,46.0,cifar10,lmap
9,1.3922006,48.0,cifar10,lmap
9,1.6549325,50.0,cifar10,lmap
10,1.6955581,-50.0,cifar10,lmap
10,1.4099019,-48.0,cifar10,lmap
10,1.1391883,-46.0,cifar10,lmap
10,0.890129,-44.0,cifar10,lmap
10,0.67138267,-42.0,cifar10,lmap
10,0.48865265,-40.0,cifar10,lmap
10,0.34371412,-38.0,cifar10,lmap
10,0.23431316,-36.0,cifar10,lmap
10,0.15529701,-34.0,cifar10,lmap
10,0.10051872,-32.0,cifar10,lmap
10,0.063767925,-30.0,cifar10,lmap
10,0.039745018,-28.0,cifar10,lmap
10,0.024392163,-26.0,cifar10,lmap
10,0.014783239,-24.0,cifar10,lmap
10,0.008880831,-22.0,cifar10,lmap
10,0.005343468,-20.0,cifar10,lmap
10,0.0032568334,-18.0,cifar10,lmap
10,0.0020424828,-16.0,cifar10,lmap
10,0.0013386009,-14.0,cifar10,lmap
10,0.00092783244,-12.0,cifar10,lmap
10,0.00068508706,-10.0,cifar10,lmap
10,0.00054049667,-8.0,cifar10,lmap
10,0.00045503958,-6.0,cifar10,lmap
10,0.00040744065,-4.0,cifar10,lmap
10,0.00038650684,-2.0,cifar10,lmap
10,0.00038783046,0.0,cifar10,lmap
10,0.00041087897,2.0,cifar10,lmap
10,0.00045936942,4.0,cifar10,lmap
10,0.0005419848,6.0,cifar10,lmap
10,0.00067510677,8.0,cifar10,lmap
10,0.0008884095,10.0,cifar10,lmap
10,0.0012344995,12.0,cifar10,lmap
10,0.0018023547,14.0,cifar10,lmap
10,0.0027402185,16.0,cifar10,lmap
10,0.0042946283,18.0,cifar10,lmap
10,0.006882308,20.0,cifar10,lmap
10,0.011201776,22.0,cifar10,lmap
10,0.018340351,24.0,cifar10,lmap
10,0.030001193,26.0,cifar10,lmap
10,0.048680134,28.0,cifar10,lmap
10,0.07783011,30.0,cifar10,lmap
10,0.12216767,32.0,cifar10,lmap
10,0.18753672,34.0,cifar10,lmap
10,0.2804794,36.0,cifar10,lmap
10,0.4072413,38.0,cifar10,lmap
10,0.57161313,40.0,cifar10,lmap
10,0.77399355,42.0,cifar10,lmap
10,1.0116352,44.0,cifar10,lmap
10,1.2792085,46.0,cifar10,lmap
10,1.5710359,48.0,cifar10,lmap
10,1.8824134,50.0,cifar10,lmap
11,1.7102787,-50.0,cifar10,lmap
11,1.4276375,-48.0,cifar10,lmap
11,1.1604761,-46.0,cifar10,lmap
11,0.91399324,-44.0,cifar10,lmap
11,0.69531786,-42.0,cifar10,lmap
11,0.5101942,-40.0,cifar10,lmap
11,0.3612371,-38.0,cifar10,lmap
11,0.2472821,-36.0,cifar10,lmap
11,0.16421425,-34.0,cifar10,lmap
11,0.10614885,-32.0,cifar10,lmap
11,0.0669828,-30.0,cifar10,lmap
11,0.041409727,-28.0,cifar10,lmap
11,0.025190659,-26.0,cifar10,lmap
11,0.0151909655,-24.0,cifar10,lmap
11,0.009140773,-22.0,cifar10,lmap
11,0.0055314866,-20.0,cifar10,lmap
11,0.0034111242,-18.0,cifar10,lmap
11,0.002169927,-16.0,cifar10,lmap
11,0.001441879,-14.0,cifar10,lmap
11,0.0010097978,-12.0,cifar10,lmap
11,0.0007486911,-10.0,cifar10,lmap
11,0.0005877859,-8.0,cifar10,lmap
11,0.0004884616,-6.0,cifar10,lmap
11,0.00042889162,-4.0,cifar10,lmap
11,0.0003971786,-2.0,cifar10,lmap
11,0.00038783046,0.0,cifar10,lmap
11,0.0003997516,2.0,cifar10,lmap
11,0.0004361841,4.0,cifar10,lmap
11,0.0005041674,6.0,cifar10,lmap
11,0.0006187041,8.0,cifar10,lmap
11,0.0008089665,10.0,cifar10,lmap
11,0.0011246615,12.0,cifar10,lmap
11,0.0016523578,14.0,cifar10,lmap
11,0.0025533093,16.0,cifar10,lmap
11,0.0041217343,18.0,cifar10,lmap
11,0.00688193,20.0,cifar10,lmap
11,0.0116858715,22.0,cifar10,lmap
11,0.019930305,24.0,cifar10,lmap
11,0.033670757,26.0,cifar10,lmap
11,0.0558404,28.0,cifar10,lmap
11,0.09045031,30.0,cifar10,lmap
11,0.14252944,32.0,cifar10,lmap
11,0.21764342,34.0,cifar10,lmap
11,0.3211475,36.0,cifar10,lmap
11,0.45680642,38.0,cifar10,lmap
11,0.62519723,40.0,cifar10,lmap
11,0.82295257,42.0,cifar10,lmap
11,1.0425149,44.0,cifar10,lmap
11,1.273605,46.0,cifar10,lmap
11,1.506427,48.0,cifar10,lmap
11,1.7333009,50.0,cifar10,lmap
12,1.3056092,-50.0,cifar10,lmap
12,1.0950034,-48.0,cifar10,lmap
12,0.8959386,-46.0,cifar10,lmap
12,0.7132717,-44.0,cifar10,lmap
12,0.5514938,-42.0,cifar10,lmap
12,0.413938,-40.0,cifar10,lmap
12,0.30157658,-38.0,cifar10,lmap
12,0.21348596,-36.0,cifar10,lmap
12,0.14706689,-34.0,cifar10,lmap
12,0.09884399,-32.0,cifar10,lmap
12,0.06490279,-30.0,cifar10,lmap
12,0.04168854,-28.0,cifar10,lmap
12,0.026315702,-26.0,cifar10,lmap
12,0.016372623,-24.0,cifar10,lmap
12,0.010081141,-22.0,cifar10,lmap
12,0.006191291,-20.0,cifar10,lmap
12,0.0038380113,-18.0,cifar10,lmap
12,0.0024383022,-16.0,cifar10,lmap
12,0.0016053203,-14.0,cifar10,lmap
12,0.0011048047,-12.0,cifar10,lmap
12,0.0008025227,-10.0,cifar10,lmap
12,0.0006177422,-8.0,cifar10,lmap
12,0.0005040301,-6.0,cifar10,lmap
12,0.00043607055,-4.0,cifar10,lmap
12,0.0004000772,-2.0,cifar10,lmap
12,0.00038783043,0.0,cifar10,lmap
12,0.00039674196,2.0,cifar10,lmap
12,0.00042932417,4.0,cifar10,lmap
12,0.00049244176,6.0,cifar10,lmap
12,0.0006009285,8.0,cifar10,lmap
12,0.00078315055,10.0,cifar10,lmap
12,0.0010947455,12.0,cifar10,lmap
12,0.0016380075,14.0,cifar10,lmap
12,0.0025991432,16.0,cifar10,lmap
12,0.0043114326,18.0,cifar10,lmap
12,0.0073582823,20.0,cifar10,lmap
12,0.01272891,22.0,cifar10,lmap
12,0.02201072,24.0,cifar10,lmap
12,0.037563384,26.0,cifar10,lmap
12,0.06268238,28.0,cifar10,lmap
12,0.10144967,30.0,cifar10,lmap
12,0.15873635,32.0,cifar10,lmap
12,0.2398175,34.0,cifar10,lmap
12,0.34972793,36.0,cifar10,lmap
12,0.49254373,38.0,cifar10,lmap
12,0.6700456,40.0,cifar10,lmap
12,0.88137245,42.0,cifar10,lmap
12,1.1225415,44.0,cifar10,lmap
12,1.38791,46.0,cifar10,lmap
12,1.6718115,48.0,cifar10,lmap
12,1.9711864,50.0,cifar10,lmap
13,1.9926753,-50.0,cifar10,lmap
13,1.710794,-48.0,cifar10,lmap
13,1.4365269,-46.0,cifar10,lmap
13,1.1748215,-44.0,cifar10,lmap
13,0.9326581,-42.0,cifar10,lmap
13,0.717032,-40.0,cifar10,lmap
13,0.5332289,-38.0,cifar10,lmap
13,0.38317508,-36.0,cifar10,lmap
13,0.2660919,-34.0,cifar10,lmap
13,0.17866844,-32.0,cifar10,lmap
13,0.11613177,-30.0,cifar10,lmap
13,0.073205724,-28.0,cifar10,lmap
13,0.044862725,-26.0,cifar10,lmap
13,0.026840728,-24.0,cifar10,lmap
13,0.015776314,-22.0,cifar10,lmap
13,0.009184744,-20.0,cifar10,lmap
13,0.005353423,-18.0,cifar10,lmap
13,0.0031737804,-16.0,cifar10,lmap
13,0.0019483648,-14.0,cifar10,lmap
13,0.001260616,-12.0,cifar10,lmap
13,0.0008700567,-10.0,cifar10,lmap
13,0.00064461265,-8.0,cifar10,lmap
13,0.0005133476,-6.0,cifar10,lmap
13,0.00043814353,-4.0,cifar10,lmap
13,0.00039950712,-2.0,cifar10,lmap
13,0.00038783043,0.0,cifar10,lmap
13,0.00039948482,2.0,cifar10,lmap
13,0.00043614703,4.0,cifar10,lmap
13,0.000504687,6.0,cifar10,lmap
13,0.0006201397,8.0,cifar10,lmap
13,0.00081110885,10.0,cifar10,lmap
13,0.0011294011,12.0,cifar10,lmap
13,0.0016721841,14.0,cifar10,lmap
13,0.002611535,16.0,cifar10,lmap
13,0.0042425306,18.0,cifar10,lmap
13,0.0070662634,20.0,cifar10,lmap
13,0.011872482,22.0,cifar10,lmap
13,0.019873882,24.0,cifar10,lmap
13,0.032933626,26.0,cifar10,lmap
13,0.05372661,28.0,cifar10,lmap
13,0.08591384,30.0,cifar10,lmap
13,0.13430203,32.0,cifar10,lmap
13,0.20476277,34.0,cifar10,lmap
13,0.30389193,36.0,cifar10,lmap
13,0.43830773,38.0,cifar10,lmap
13,0.61295533,40.0,cifar10,lmap
13,0.828765,42.0,cifar10,lmap
13,1.0815271,44.0,cifar10,lmap
13,1.3619701,46.0,cifar10,lmap
13,1.6584718,48.0,cifar10,lmap
13,1.9595417,50.0,cifar10,lmap
14,1.5467118,-50.0,cifar10,lmap
14,1.2945576,-48.0,cifar10,lmap
14,1.0532254,-46.0,cifar10,lmap
14,0.8295288,-44.0,cifar10,lmap
14,0.63056856,-42.0,cifar10,lmap
14,0.4620074,-40.0,cifar10,lmap
14,0.32657993,-38.0,cifar10,lmap
14,0.22327499,-36.0,cifar10,lmap
14,0.14808628,-34.0,cifar10,lmap
14,0.09573595,-32.0,cifar10,lmap
14,0.06063154,-30.0,cifar10,lmap
14,0.037790805,-28.0,cifar10,lmap
14,0.023296207,-26.0,cifar10,lmap
14,0.014304653,-24.0,cifar10,lmap
14,0.008800665,-22.0,cifar10,lmap
14,0.0054731555,-20.0,cifar10,lmap
14,0.0034703151,-18.0,cifar10,lmap
14,0.0022615097,-16.0,cifar10,lmap
14,0.0015269709,-14.0,cifar10,lmap
14,0.0010758392,-12.0,cifar10,lmap
14,0.0007943453,-10.0,cifar10,lmap
14,0.0006186989,-8.0,cifar10,lmap
14,0.0005085198,-6.0,cifar10,lmap
14,0.00044083473,-4.0,cifar10,lmap
14,0.00040285406,-2.0,cifar10,lmap
14,0.00038783043,0.0,cifar10,lmap
14,0.00039369467,2.0,cifar10,lmap
14,0.00042182588,4.0,cifar10,lmap
14,0.0004791876,6.0,cifar10,lmap
14,0.000579435,8.0,cifar10,lmap
14,0.0007478607,10.0,cifar10,lmap
14,0.0010330834,12.0,cifar10,lmap
14,0.0015278463,14.0,cifar10,lmap
14,0.0023976346,16.0,cifar10,lmap
14,0.00394928,18.0,cifar10,lmap
14,0.0067253415,20.0,cifar10,lmap
14,0.011617922,22.0,cifar10,lmap
14,0.020033013,24.0,cifar10,lmap
14,0.034088165,26.0,cifar10,lmap
14,0.056786288,28.0,cifar10,lmap
14,0.09218141,30.0,cifar10,lmap
14,0.1453216,32.0,cifar10,lmap
14,0.22201538,34.0,cifar10,lmap
14,0.32833624,36.0,cifar10,lmap
14,0.4699599,38.0,cifar10,lmap
14,0.651903,40.0,cifar10,lmap
14,0.87708217,42.0,cifar10,lmap
14,1.1456124,44.0,cifar10,lmap
14,1.4554349,46.0,cifar10,lmap
14,1.8043693,48.0,cifar10,lmap
14,2.1912718,50.0,cifar10,lmap
15,1.6812534,-50.0,cifar10,lmap
15,1.415015,-48.0,cifar10,lmap
15,1.1647352,-46.0,cifar10,lmap
15,0.93419826,-44.0,cifar10,lmap
15,0.72855216,-42.0,cifar10,lmap
15,0.5518892,-40.0,cifar10,lmap
15,0.40634155,-38.0,cifar10,lmap
15,0.29097688,-36.0,cifar10,lmap
15,0.20266667,-34.0,cifar10,lmap
15,0.1372394,-32.0,cifar10,lmap
15,0.09029633,-30.0,cifar10,lmap
15,0.057681013,-28.0,cifar10,lmap
15,0.035765816,-26.0,cifar10,lmap
15,0.021566335,-24.0,cifar10,lmap
15,0.012702047,-22.0,cifar10,lmap
15,0.007389276,-20.0,cifar10,lmap
15,0.004316841,-18.0,cifar10,lmap
15,0.0025789842,-16.0,cifar10,lmap
15,0.001606102,-14.0,cifar10,lmap
15,0.0010589662,-12.0,cifar10,lmap
15,0.00074921997,-10.0,cifar10,lmap
15,0.0005714369,-8.0,cifar10,lmap
15,0.00046944417,-6.0,cifar10,lmap
15,0.00041360824,-4.0,cifar10,lmap
15,0.00038868975,-2.0,cifar10,lmap
15,0.00038783043,0.0,cifar10,lmap
15,0.00040956412,2.0,cifar10,lmap
15,0.00045774775,4.0,cifar10,lmap
15,0.00054160657,6.0,cifar10,lmap
15,0.0006783297,8.0,cifar10,lmap
15,0.00090086483,10.0,cifar10,lmap
15,0.0012723733,12.0,cifar10,lmap
15,0.0019006648,14.0,cifar10,lmap
15,0.0029823983,16.0,cifar10,lmap
15,0.004851122,18.0,cifar10,lmap
15,0.008043734,20.0,cifar10,lmap
15,0.0134321675,22.0,cifar10,lmap
15,0.0223792,24.0,cifar10,lmap
15,0.03689756,26.0,cifar10,lmap
15,0.059753425,28.0,cifar10,lmap
15,0.094739646,30.0,cifar10,lmap
15,0.14684658,32.0,cifar10,lmap
15,0.2223556,34.0,cifar10,lmap
15,0.3280976,36.0,cifar10,lmap
15,0.47052586,38.0,cifar10,lmap
15,0.65358776,40.0,cifar10,lmap
15,0.8776424,42.0,cifar10,lmap
15,1.1385396,44.0,cifar10,lmap
15,1.4293665,46.0,cifar10,lmap
15,1.743131,48.0,cifar10,lmap
15,2.0756097,50.0,cifar10,lmap
16,1.8750405,-50.0,cifar10,lmap
16,1.5488834,-48.0,cifar10,lmap
16,1.2412016,-46.0,cifar10,lmap
16,0.96063155,-44.0,cifar10,lmap
16,0.7165475,-42.0,cifar10,lmap
16,0.5149749,-40.0,cifar10,lmap
16,0.35741702,-38.0,cifar10,lmap
16,0.24017853,-36.0,cifar10,lmap
16,0.15666206,-34.0,cifar10,lmap
16,0.09947912,-32.0,cifar10,lmap
16,0.06172457,-30.0,cifar10,lmap
16,0.037570924,-28.0,cifar10,lmap
16,0.022543058,-26.0,cifar10,lmap
16,0.013405102,-24.0,cifar10,lmap
16,0.007973003,-22.0,cifar10,lmap
16,0.004799025,-20.0,cifar10,lmap
16,0.0029689965,-18.0,cifar10,lmap
16,0.0019109253,-16.0,cifar10,lmap
16,0.0012910464,-14.0,cifar10,lmap
16,0.0009207997,-12.0,cifar10,lmap
16,0.0006948279,-10.0,cifar10,lmap
16,0.00055569696,-8.0,cifar10,lmap
16,0.00047006598,-6.0,cifar10,lmap
16,0.00041901783,-4.0,cifar10,lmap
16,0.00039300247,-2.0,cifar10,lmap
16,0.00038783025,0.0,cifar10,lmap
16,0.00040189363,2.0,cifar10,lmap
16,0.00043750656,4.0,cifar10,lmap
16,0.00049999653,6.0,cifar10,lmap
16,0.0006017415,8.0,cifar10,lmap
16,0.0007646289,10.0,cifar10,lmap
16,0.0010280688,12.0,cifar10,lmap
16,0.0014635841,14.0,cifar10,lmap
16,0.002193415,16.0,cifar10,lmap
16,0.003436333,18.0,cifar10,lmap
16,0.0055673565,20.0,cifar10,lmap
16,0.009206664,22.0,cifar10,lmap
16,0.015352566,24.0,cifar10,lmap
16,0.025575759,26.0,cifar10,lmap
16,0.042257782,28.0,cifar10,lmap
16,0.068741426,30.0,cifar10,lmap
16,0.10949511,32.0,cifar10,lmap
16,0.17022988,34.0,cifar10,lmap
16,0.2577113,36.0,cifar10,lmap
16,0.37864822,38.0,cifar10,lmap
16,0.53828436,40.0,cifar10,lmap
16,0.7385503,42.0,cifar10,lmap
16,0.976846,44.0,cifar10,lmap
16,1.2461371,46.0,cifar10,lmap
16,1.5374168,48.0,cifar10,lmap
16,1.843745,50.0,cifar10,lmap
17,2.4459054,-50.0,cifar10,lmap
17,2.0764594,-48.0,cifar10,lmap
17,1.7365936,-46.0,cifar10,lmap
17,1.4239956,-44.0,cifar10,lmap
17,1.1404713,-42.0,cifar10,lmap
17,0.8891531,-40.0,cifar10,lmap
17,0.6730446,-38.0,cifar10,lmap
17,0.49368882,-36.0,cifar10,lmap
17,0.35070494,-34.0,cifar10,lmap
17,0.24122229,-32.0,cifar10,lmap
17,0.16071817,-30.0,cifar10,lmap
17,0.10378382,-28.0,cifar10,lmap
17,0.06495799,-26.0,cifar10,lmap
17,0.03946501,-24.0,cifar10,lmap
17,0.02332439,-22.0,cifar10,lmap
17,0.0134898,-20.0,cifar10,lmap
17,0.007702422,-18.0,cifar10,lmap
17,0.004423649,-16.0,cifar10,lmap
17,0.002612168,-14.0,cifar10,lmap
17,0.0016188433,-12.0,cifar10,lmap
17,0.0010696093,-10.0,cifar10,lmap
17,0.00075904327,-8.0,cifar10,lmap
17,0.0005797986,-6.0,cifar10,lmap
17,0.00047485915,-4.0,cifar10,lmap
17,0.0004156063,-2.0,cifar10,lmap
17,0.00038783025,0.0,cifar10,lmap
17,0.0003853675,2.0,cifar10,lmap
17,0.00040897276,4.0,cifar10,lmap
17,0.00046566184,6.0,cifar10,lmap
17,0.00057124894,8.0,cifar10,lmap
17,0.0007576722,10.0,cifar10,lmap
17,0.0010845115,12.0,cifar10,lmap
17,0.0016606029,14.0,cifar10,lmap
17,0.0026824796,16.0,cifar10,lmap
17,0.0045060497,18.0,cifar10,lmap
17,0.0077302996,20.0,cifar10,lmap
17,0.0133100925,22.0,cifar10,lmap
17,0.022662716,24.0,cifar10,lmap
17,0.03782187,26.0,cifar10,lmap
17,0.061626267,28.0,cifar10,lmap
17,0.097878516,30.0,cifar10,lmap
17,0.15123168,32.0,cifar10,lmap
17,0.22751337,34.0,cifar10,lmap
17,0.33330587,36.0,cifar10,lmap
17,0.47572586,38.0,cifar10,lmap
17,0.6617841,40.0,cifar10,lmap
17,0.89650637,42.0,cifar10,lmap
17,1.1820815,44.0,cifar10,lmap
17,1.5177554,46.0,cifar10,lmap
17,1.900778,48.0,cifar10,lmap
17,2.330595,50.0,cifar10,lmap
18,1.7167523,-50.0,cifar10,lmap
18,1.4551616,-48.0,cifar10,lmap
18,1.2054039,-46.0,cifar10,lmap
18,0.9717197,-44.0,cifar10,lmap
18,0.75964755,-42.0,cifar10,lmap
18,0.5746173,-40.0,cifar10,lmap
18,0.42036533,-38.0,cifar10,lmap
18,0.29763082,-36.0,cifar10,lmap
18,0.20427312,-34.0,cifar10,lmap
18,0.13611099,-32.0,cifar10,lmap
18,0.088344194,-30.0,cifar10,lmap
18,0.0560307,-28.0,cifar10,lmap
18,0.03486846,-26.0,cifar10,lmap
18,0.021375453,-24.0,cifar10,lmap
18,0.012984377,-22.0,cifar10,lmap
18,0.007864664,-20.0,cifar10,lmap
18,0.004793186,-18.0,cifar10,lmap
18,0.002977331,-16.0,cifar10,lmap
18,0.0019143217,-14.0,cifar10,lmap
18,0.0012881085,-12.0,cifar10,lmap
18,0.00091340026,-10.0,cifar10,lmap
18,0.00068519276,-8.0,cifar10,lmap
18,0.0005451018,-6.0,cifar10,lmap
18,0.00045924925,-4.0,cifar10,lmap
18,0.0004100048,-2.0,cifar10,lmap
18,0.00038783025,0.0,cifar10,lmap
18,0.0003883061,2.0,cifar10,lmap
18,0.00041173826,4.0,cifar10,lmap
18,0.00046298635,6.0,cifar10,lmap
18,0.0005545966,8.0,cifar10,lmap
18,0.000708352,10.0,cifar10,lmap
18,0.00096567516,12.0,cifar10,lmap
18,0.0014042613,14.0,cifar10,lmap
18,0.0021590933,16.0,cifar10,lmap
18,0.0034645665,18.0,cifar10,lmap
18,0.0057258117,20.0,cifar10,lmap
18,0.00961035,22.0,cifar10,lmap
18,0.016160194,24.0,cifar10,lmap
18,0.02695062,26.0,cifar10,lmap
18,0.04420715,28.0,cifar10,lmap
18,0.07094747,30.0,cifar10,lmap
18,0.111073285,32.0,cifar10,lmap
18,0.16927539,34.0,cifar10,lmap
18,0.25075233,36.0,cifar10,lmap
18,0.3605995,38.0,cifar10,lmap
18,0.5024382,40.0,cifar10,lmap
18,0.6774339,42.0,cifar10,lmap
18,0.8831236,44.0,cifar10,lmap
18,1.1135299,46.0,cifar10,lmap
18,1.3607179,48.0,cifar10,lmap
18,1.6173228,50.0,cifar10,lmap
19,1.5661776,-50.0,cifar10,lmap
19,1.3144805,-48.0,cifar10,lmap
19,1.0725142,-46.0,cifar10,lmap
19,0.84722084,-44.0,cifar10,lmap
19,0.64651644,-42.0,cifar10,lmap
19,0.4763728,-40.0,cifar10,lmap
19,0.33936214,-38.0,cifar10,lmap
19,0.23434879,-36.0,cifar10,lmap
19,0.15729876,-34.0,cifar10,lmap
19,0.10285949,-32.0,cifar10,lmap
19,0.065676965,-30.0,cifar10,lmap
19,0.04112701,-28.0,cifar10,lmap
19,0.025409015,-26.0,cifar10,lmap
19,0.015583036,-24.0,cifar10,lmap
19,0.009536871,-22.0,cifar10,lmap
19,0.005880798,-20.0,cifar10,lmap
19,0.0036927934,-18.0,cifar10,lmap
19,0.0023861588,-16.0,cifar10,lmap
19,0.0016009393,-14.0,cifar10,lmap
19,0.0011250431,-12.0,cifar10,lmap
19,0.0008308417,-10.0,cifar10,lmap
19,0.00064570195,-8.0,cifar10,lmap
19,0.0005273789,-6.0,cifar10,lmap
19,0.00045278785,-4.0,cifar10,lmap
19,0.00040852133,-2.0,cifar10,lmap
19,0.00038783025,0.0,cifar10,lmap
19,0.00038829376,2.0,cifar10,lmap
19,0.0004108025,4.0,cifar10,lmap
19,0.00046120712,6.0,cifar10,lmap
19,0.00055058865,8.0,cifar10,lmap
19,0.0007025865,10.0,cifar10,lmap
19,0.0009621846,12.0,cifar10,lmap
19,0.0014135499,14.0,cifar10,lmap
19,0.0022082198,16.0,cifar10,lmap
19,0.0036101837,18.0,cifar10,lmap
19,0.0060640452,20.0,cifar10,lmap
19,0.010331716,22.0,cifar10,lmap
19,0.017701738,24.0,cifar10,lmap
19,0.030164808,26.0,cifar10,lmap
19,0.050674442,28.0,cifar10,lmap
19,0.08314982,30.0,cifar10,lmap
19,0.13262415,32.0,cifar10,lmap
19,0.20494011,34.0,cifar10,lmap
19,0.30598393,36.0,cifar10,lmap
19,0.44030216,38.0,cifar10,lmap
19,0.6097835,40.0,cifar10,lmap
19,0.8132126,42.0,cifar10,lmap
19,1.045185,44.0,cifar10,lmap
19,1.297311,46.0,cifar10,lmap
19,1.5609112,48.0,cifar10,lmap
19,1.8298937,50.0,cifar10,lmap
